{"file_hashes":[{"block_hashes":["61K2S2Nw5puTg83Tp+283mq8e1Ghxz+ZRZIwXDZ4Mbs=","lm16Z1c35ylXfCBpNXyfyEdmsTeK/n4wosKWasxWV4Y=","hWsUM3/Dcxsy0uaX7R4VNMX7yFqyyZK+xb00iko4HeM=","Tqszhnkb0qjU/UrzmkUIMUyUSqIgY/PgsSZCx3GERwc=","BW7ymM7GAy1cCBPTwroaLAcufJnw15keZ9pc2yLSG7o=","AnGIbglBPh/Z8ApJmAnvISnhEU96TUTiKWmwaTrDkPk=","6EH47QYOlW6nTafp6k+M9mpM/MVzIEgZFFKmCElKWWI=","iXc5GT9kuBxlCRQXNJZGJ6/MN7gY3W1OfNyZGOqMPXU=","wqaauhRtzXYMKXSFmdu1RIieYyIsNmyVIlNRwmP9PoU="],"block_size":4096,"path":"LICENSE"},{"block_hashes":["zP3J6uqMX5ojHsOUi2Zrm7lqO9o9q8ZxjrKSJJWC7DY="],"block_size":4096,"path":"README.md"},{"block_hashes":["+9tXS4M3M3LG77zzGDA0+JeDdeio6C1ttOO1UB+uRVs="],"block_size":4096,"path":"monkeytype-icons/8008.png"},{"block_hashes":["/Us4OvUo0k8gFzEMwyM2GubAY3aOQBNCgdaPKKWgjzE="],"block_size":4096,"path":"monkeytype-icons/80s_after_dark.png"},{"block_hashes":["fhG+pRh9fS8AW3+1ZiUoeLv3RTiWXC6/704y8/jPDG4="],"block_size":4096,"path":"monkeytype-icons/9009.png"},{"block_hashes":["n1Afxt/Iox/RU88ZZp888DJfmG05JGYVYHdlkq3eB8o="],"block_size":4096,"path":"monkeytype-icons/aether.png"},{"block_hashes":["XYAdF+cni0w/WWtldsVpHfwyJpMRCcT9vA1Rp+p7jWs="],"block_size":4096,"path":"monkeytype-icons/alduin.png"},{"block_hashes":["RVVnvtbm+csk/sn0Lkg0upydO3HsLcZ+b+LZammm5PY="],"block_size":4096,"path":"monkeytype-icons/alpine.png"},{"block_hashes":["ECltfPoQoTnr+w7JnmRAA74JIS+UQPRLNQ02mqxIL3w="],"block_size":4096,"path":"monkeytype-icons/anti_hero.png"},{"block_hashes":["PPX9lckC4CN97+9w0P2Za4ZA5GEq27L8Yd69rzYQue0="],"block_size":4096,"path":"monkeytype-icons/arch.png"},{"block_hashes":["Zb3Gtr/vzb7QpqoxUSv2rMZeHgEPM8NGBt04tdoZ0os="],"block_size":4096,"path":"monkeytype-icons/aurora.png"},{"block_hashes":["pdJCt9DiBO6/JJS/MI8tKaSaf8Cjml6iIIITWJ0wQUE="],"block_size":4096,"path":"monkeytype-icons/beach.png"},{"block_hashes":["t/iAx+ps9AXXAR4OWyrrM4DrZpUBeJTMgvkxZwk2B4w="],"block_size":4096,"path":"monkeytype-icons/bento.png"},{"block_hashes":["uQ5NG00FLdVadn5GFFbdmq3kHgMomt+Psl9HkwhREGw="],"block_size":4096,"path":"monkeytype-icons/bingsu.png"},{"block_hashes":["qpk2uPGj50MnM1LFeAI1WRsHfcQhXKskTcHpO7iLnNg="],"block_size":4096,"path":"monkeytype-icons/bliss.png"},{"block_hashes":["VuhOBdCVjSwqBHVzXYMUlbaMyPeeuN3IZ5J5SzWfEA8="],"block_size":4096,"path":"monkeytype-icons/blue_dolphin.png"},{"block_hashes":["vHIMs1wQFyexmgae46lt5i1TiR+cG9SWSHsPFXAoIoc="],"block_size":4096,"path":"monkeytype-icons/blueberry_dark.png"},{"block_hashes":["dds7xjfJD3bunWWFFrkpU75OdIXJAEtikkiYLjHlrkc="],"block_size":4096,"path":"monkeytype-icons/blueberry_light.png"},{"block_hashes":["xqLn87jnUv2b+BkuK2J7OQ7XM65pvn3zv0z1hE6kCaM="],"block_size":4096,"path":"monkeytype-icons/botanical.png"},{"block_hashes":["aO14WiQ+LEGtq9p+6k5T7XLWKsdESC84XrlrS2VjK84="],"block_size":4096,"path":"monkeytype-icons/bouquet.png"},{"block_hashes":["KYRtcc5aDjplNyPZcJxW2H+vq+E1EXvC5vgkmRSy3lk="],"block_size":4096,"path":"monkeytype-icons/breeze.png"},{"block_hashes":["PsWxT9mjJEYF92hws/SPlkmcj0f8VerCCVyVTxBKy8w="],"block_size":4096,"path":"monkeytype-icons/bushido.png"},{"block_hashes":["BYbcrYTJvj1SGkKYa2hJD1jY19IMyFBRkCp0o8wkBWs="],"block_size":4096,"path":"monkeytype-icons/cafe.png"},{"block_hashes":["KOTICrzpZfTLFqxqFcDgrjISiPmaNcNM8DcuBw4VKxI="],"block_size":4096,"path":"monkeytype-icons/camping.png"},{"block_hashes":["uFFiSoR2gnjZaUzxXQ+1BMjKdBUy6vXHTdrcQcn29PQ="],"block_size":4096,"path":"monkeytype-icons/carbon.png"},{"block_hashes":["G1p5i56/jhRT8WMNDng+BgAZHvIumU8Hf6Q2Ljh/5QE="],"block_size":4096,"path":"monkeytype-icons/catppuccin.png"},{"block_hashes":["5nL5t1urtT8KvtcFrtRF/0fNavvIeUgqQ3I/Kb66wo4="],"block_size":4096,"path":"monkeytype-icons/chaos_theory.png"},{"block_hashes":["1r0SU4O3p7p7vqS3webvjQKZJfzVkCc+zgov1xenZLM="],"block_size":4096,"path":"monkeytype-icons/cheesecake.png"},{"block_hashes":["IJ0/+DkgVZPWxBKJrRAVN2473E8//jkE0JkKtQpUvB0="],"block_size":4096,"path":"monkeytype-icons/cherry_blossom.png"},{"block_hashes":["vLTVtTL0pjLuSCb4nS/fTeabUh/oihn6ite9u+3uYBg="],"block_size":4096,"path":"monkeytype-icons/comfy.png"},{"block_hashes":["dKN2qZSxw61m0gMnKsC4oQgRXShb7sZC87iHLkvnonk="],"block_size":4096,"path":"monkeytype-icons/copper.png"},{"block_hashes":["jjDxMMsImWHq1IJorRCQWqEef+2agHkB9/XC+J5xDVM="],"block_size":4096,"path":"monkeytype-icons/creamsicle.png"},{"block_hashes":["DCvLmP9ePpmzgOBj9Ei9QeI2CPrMW46IP2WRUyGAQCM="],"block_size":4096,"path":"monkeytype-icons/cy_red.png"},{"block_hashes":["HLW1XgnSHZSzKy7Im8losmKbmKOtSVz/ETfFyY/OFYM="],"block_size":4096,"path":"monkeytype-icons/cyberspace.png"},{"block_hashes":["+OCuuptVaD3AxkGMYnCg9/CTTLr4m8AHNv3pCb4F7pg="],"block_size":4096,"path":"monkeytype-icons/dark.png"},{"block_hashes":["Gc0CaOli/zDQbYdzS1qQJCZkuBV3VppZVLvC80GuMi0="],"block_size":4096,"path":"monkeytype-icons/dark_magic_girl.png"},{"block_hashes":["MFyjeDoqwnbdDEhdAqdKn+DkCP3tYCdB6uXZdJX3l88="],"block_size":4096,"path":"monkeytype-icons/dark_note.png"},{"block_hashes":["mlPMjtP80Hs/lllROVMO3GxuQZqWMpl41U4cGnbOBw4="],"block_size":4096,"path":"monkeytype-icons/darling.png"},{"block_hashes":["Dj6fHzYsYhY1I1yM3uwK3qZERE+Dn6kbgNee0EzNlPM="],"block_size":4096,"path":"monkeytype-icons/deku.png"},{"block_hashes":["ZNdv/clUvB+gtFky2Qv0OPQdlKx+CO9QOj3pPrvnLmA="],"block_size":4096,"path":"monkeytype-icons/desert_oasis.png"},{"block_hashes":["RbaQEeCF6VYkAIOTJbFwVZlxVFBE/TSmHkLWAvOFdZk="],"block_size":4096,"path":"monkeytype-icons/dev.png"},{"block_hashes":["NOetfVBuPT3Htn0NhC80DGUvpiOJcxEPLvYWpdvMinI="],"block_size":4096,"path":"monkeytype-icons/diner.png"},{"block_hashes":["rrnHRzBehML2Y/S1l7rbISpXshp2Nwdxq9HCkz//AaA="],"block_size":4096,"path":"monkeytype-icons/dino.png"},{"block_hashes":["26icaflCz4gWAe6d12VPck4nKgrkZc1TEUTVxh+SONE="],"block_size":4096,"path":"monkeytype-icons/discord.png"},{"block_hashes":["LtzZ2FFZ5aojJv58vvciLEuBiP7DbXcyici4fco8hJ0="],"block_size":4096,"path":"monkeytype-icons/dmg.png"},{"block_hashes":["gHXDSRiy1WSEP1yFs0hdkcgzvZXWYb6Zte0dTv1AkD0="],"block_size":4096,"path":"monkeytype-icons/dollar.png"},{"block_hashes":["TgWvHHeNkF1OmvCUgSflh/qTflI/8NAXC7LksrFdoZM="],"block_size":4096,"path":"monkeytype-icons/dots.png"},{"block_hashes":["JrkpjQZXAN/1qC0y6cs77QTXQhTLhvS4Bnic1BeeI+E="],"block_size":4096,"path":"monkeytype-icons/dracula.png"},{"block_hashes":["46kCXLNeYOlp4IbzCCbR6CgvVXNj+e0ElNIFsrdPB9I="],"block_size":4096,"path":"monkeytype-icons/drowning.png"},{"block_hashes":["Ze4eRz0hlKL+QgdAXoX77ViEbubP7+0WfsFc3BXC9tk="],"block_size":4096,"path":"monkeytype-icons/dualshot.png"},{"block_hashes":["Xnn89d8tkxhLRE2Cwu90mH/jAup41S1Eq1aG0gE6tpo="],"block_size":4096,"path":"monkeytype-icons/earthsong.png"},{"block_hashes":["wFVudYgqNKdLh5A83SoUE0zwUJQiC8Ntgo4qRNCOUTA="],"block_size":4096,"path":"monkeytype-icons/everblush.png"},{"block_hashes":["OwacbE+9yZeLYqbmxqZjPvmXQOU9sXVgqeSN5TD+XDA="],"block_size":4096,"path":"monkeytype-icons/evil_eye.png"},{"block_hashes":["0kCdQbGnjnxWbY9ZCfAeEQ75Y+cxl1fWsahgKZOsODg="],"block_size":4096,"path":"monkeytype-icons/ez_mode.png"},{"block_hashes":["ey6Gpva1nwAzLIheKH5CA7q6UvOu8PaYjRljktFP7IA="],"block_size":4096,"path":"monkeytype-icons/fire.png"},{"block_hashes":["vhHjptsvJ9+eHJpjo6fps/rAFKDucXowCVoehYdOKqw="],"block_size":4096,"path":"monkeytype-icons/fledgling.png"},{"block_hashes":["zqdiK5g1asfaulKr8JF6MJFkcx1JiVDd1pVRK7IWbbY="],"block_size":4096,"path":"monkeytype-icons/fleuriste.png"},{"block_hashes":["45bvAgcoXJy+sqPZUC5OwJoDXcxk54HMIQNmEO+GFv4="],"block_size":4096,"path":"monkeytype-icons/floret.png"},{"block_hashes":["yQzcOhTols9/cGCyN7qjUC0MaCM/oHr6/V/CcJOMGbg="],"block_size":4096,"path":"monkeytype-icons/froyo.png"},{"block_hashes":["Gfz5+x2qAsRIRDJSTHgyz7RH0LAvemJMziLdXD3Qo88="],"block_size":4096,"path":"monkeytype-icons/frozen_llama.png"},{"block_hashes":["9yi3nAmRkbBwmF7EhmsOlluAPN1AeIJ+rDUAbAqN+tE="],"block_size":4096,"path":"monkeytype-icons/fruit_chew.png"},{"block_hashes":["f0m4FKGMxVz+ocQfAebcsjh95H1YhLHUO3KGTvOxQEM="],"block_size":4096,"path":"monkeytype-icons/fundamentals.png"},{"block_hashes":["ebqvQGAr45Up8ydF2Md3VSSUB8TKN/0rl6W4SClwWS8="],"block_size":4096,"path":"monkeytype-icons/future_funk.png"},{"block_hashes":["e88k+WYrc0WIUwWVjHZ18sI3nsnfyrryd1vLLV0fHGc="],"block_size":4096,"path":"monkeytype-icons/godspeed.png"},{"block_hashes":["BF2fuGnv6+aO1CdHj7DtRXJA2EgzUNGiDkBXI5mD22w="],"block_size":4096,"path":"monkeytype-icons/graen.png"},{"block_hashes":["xtZBc2G9q4jeuBYElBloi8um7PMSKnsGLYKtjLxOJto="],"block_size":4096,"path":"monkeytype-icons/grand_prix.png"},{"block_hashes":["c3NiEn95rLXs1Ozua7Su3H0OD4jDmNPLdiayEuQizFE="],"block_size":4096,"path":"monkeytype-icons/grape.png"},{"block_hashes":["qxdhT/kwNmdh3U9rW82Dye8+AlL1VUaQN/hX1wstVzE="],"block_size":4096,"path":"monkeytype-icons/gruvbox_dark.png"},{"block_hashes":["29pfyf6nl1JTBOmZckHlQBOsxIP6ydiBtfBxB5Nepf8="],"block_size":4096,"path":"monkeytype-icons/gruvbox_light.png"},{"block_hashes":["P7MMtONh3HkDIFq+L3mgzGA2W7QTGDzrnQ0VnaqVX3c="],"block_size":4096,"path":"monkeytype-icons/hammerhead.png"},{"block_hashes":["EtpVkIiURYHCXsZM52KwTBjfSWdUm5bXpP5vwtkQMUU="],"block_size":4096,"path":"monkeytype-icons/hanok.png"},{"block_hashes":["AmVnzY7zqraxI6YKtDh7P55gMT/LXWqOI0yKDAXZaK0="],"block_size":4096,"path":"monkeytype-icons/hedge.png"},{"block_hashes":["2kF25O8oOUOR1AnBATprjxiV6xnMZ/BBpB/mZKJ6LCg="],"block_size":4096,"path":"monkeytype-icons/honey.png"},{"block_hashes":["+RJhvVvfGPgO1FchjxlCTFt828TJ5J29yuyOiHOp/X0="],"block_size":4096,"path":"monkeytype-icons/horizon.png"},{"block_hashes":["5elx8TX+hS5zkVBkcO4qJgtgRwRfovRkDo1hoJeZG4k="],"block_size":4096,"path":"monkeytype-icons/husqy.png"},{"block_hashes":["wFKXiPwI4t/zKQrg+JBTJ4S1Ihot5yifq1TXAdbTWJQ="],"block_size":4096,"path":"monkeytype-icons/iceberg_dark.png"},{"block_hashes":["+05UpsLGdX+ZkcJnYyh4UUH+47iep4WwFPJEIi8aOGo="],"block_size":4096,"path":"monkeytype-icons/iceberg_light.png"},{"block_hashes":["KyTV4L1phxuVnqgRmMUs4cXZ+Qt9loq/foNwA11ClV8="],"block_size":4096,"path":"monkeytype-icons/incognito.png"},{"block_hashes":["pNBE7K4kuz5XdgNC/CWQoWXIckHA0KI6Z+85tcyZtFY="],"block_size":4096,"path":"monkeytype-icons/ishtar.png"},{"block_hashes":["fkjqngLVx5RAnvD7bdhh+BwSmqZ9HF8aWn3eqfmkXUU="],"block_size":4096,"path":"monkeytype-icons/iv_clover.png"},{"block_hashes":["5CMuZU9iSroIn41mMbaL1Sm7GBGcH260S2GHjZjSpH0="],"block_size":4096,"path":"monkeytype-icons/iv_spade.png"},{"block_hashes":["E+8IOh6+Kkldj4VM28M/9V8nLCi8q9CXfq32aNaP5c8="],"block_size":4096,"path":"monkeytype-icons/joker.png"},{"block_hashes":["4IXlmL8gumd8yoaDfJeogMkXz4LIvQ9iwaDppX4wZfA="],"block_size":4096,"path":"monkeytype-icons/laser.png"},{"block_hashes":["c8epWiS0+cVdIbmYwRmNQjLOhbE5CevZbc7M5obXV88="],"block_size":4096,"path":"monkeytype-icons/lavender.png"},{"block_hashes":["CaBxaHsdZ1lu8x+cEkGbn5om6Dfvr+Me5K0gRYYsWek="],"block_size":4096,"path":"monkeytype-icons/leather.png"},{"block_hashes":["+nYBPMii+/esqPPOPWy2L5fHaWX0gzbds1iNPCP1xwQ="],"block_size":4096,"path":"monkeytype-icons/lil_dragon.png"},{"block_hashes":["ywDixqo22XKSqg0/hSwXo15Tbq29KDcxrFPVNHqfLUs="],"block_size":4096,"path":"monkeytype-icons/lilac_mist.png"},{"block_hashes":["KcDrIICHq8i1J6YICs/+6+/sIy0+2tWo3qGaekeejmc="],"block_size":4096,"path":"monkeytype-icons/lime.png"},{"block_hashes":["GDHD5xqT5UdMvqyJasQjs0CpCSJqOTMLcZoXRPD63Fs="],"block_size":4096,"path":"monkeytype-icons/luna.png"},{"block_hashes":["smHQRK09Ab7HNaPcSNp9Pe4C08cyAoG/YdutaOfG3Vo="],"block_size":4096,"path":"monkeytype-icons/macroblank.png"},{"block_hashes":["atK74xtAmLq5ap9oOu7qveiiLuUSTLUDi1xfBZAIkVE="],"block_size":4096,"path":"monkeytype-icons/magic_girl.png"},{"block_hashes":["xwhu/pvEmlFq+OdFJPkvVHf6E8weqbIqcm3vZUgz6+U="],"block_size":4096,"path":"monkeytype-icons/mashu.png"},{"block_hashes":["YjORYYbwAPI3FYtNjFPa11Y7a8VCakUvB7MFF7otVvQ="],"block_size":4096,"path":"monkeytype-icons/matcha_moccha.png"},{"block_hashes":["Quxx+FWSXWCbvl7o+KeM6lse1SBd0XKfmcab6klVGKg="],"block_size":4096,"path":"monkeytype-icons/material.png"},{"block_hashes":["Z38ZTWOdqxaaaBUkUmEA+h0xUxep7N4NMFPxvT8vpM4="],"block_size":4096,"path":"monkeytype-icons/matrix.png"},{"block_hashes":["9PtidPdxs7yP2vddrcz33ggVlwZr40pvlDjF/06L3X8="],"block_size":4096,"path":"monkeytype-icons/menthol.png"},{"block_hashes":["hotApa6ZJSlBEn83XCzHmRpPEOleRuEcQKs89c3qF54="],"block_size":4096,"path":"monkeytype-icons/metaverse.png"},{"block_hashes":["087vBHXfob/LpyuLJc4AUtG1SI4MJ8au2/kLOVH4S3I="],"block_size":4096,"path":"monkeytype-icons/metropolis.png"},{"block_hashes":["T73X5IOkThxFRwmtphb5WiFVhjxQjNJLOfH1/8dA/UE="],"block_size":4096,"path":"monkeytype-icons/mexican.png"},{"block_hashes":["8X/71Z+ZnDS45i1TqDHK/qEzkYlzViILTVQlYimL7H4="],"block_size":4096,"path":"monkeytype-icons/miami.png"},{"block_hashes":["7zXsNbfFdVHfi937li90lGNAXjGlIpX0dajBVs9lZE8="],"block_size":4096,"path":"monkeytype-icons/miami_nights.png"},{"block_hashes":["l5knEbOml6cJXZGZTRtk2FYOkUefUwmKvbOIb13ZWfQ="],"block_size":4096,"path":"monkeytype-icons/midnight.png"},{"block_hashes":["iZ/WDIH1fgUNDYpuqg5gAP51OD4lnmvmBJ66es6Wh9M="],"block_size":4096,"path":"monkeytype-icons/milkshake.png"},{"block_hashes":["x8a69RDRLpn7usrS/Dbzo3LZk5jrwQMtP/SPORScHRI="],"block_size":4096,"path":"monkeytype-icons/mint.png"},{"block_hashes":["d8YJ/YWcpFaGiC2AKUQCUEEwUV1wlOyzmRKtN4T0L78="],"block_size":4096,"path":"monkeytype-icons/mizu.png"},{"block_hashes":["O/d0b2aluYdUy5IF/RLuF+Hw0L8XpbD5VE116FM9SgQ="],"block_size":4096,"path":"monkeytype-icons/modern_dolch.png"},{"block_hashes":["FdQgwhne2eF+58Ktvh9crbPoHqx1bGXg5T/IUqZXfpI="],"block_size":4096,"path":"monkeytype-icons/modern_dolch_light.png"},{"block_hashes":["07+I0HnIfsMMT3zAoIF22VjAtIps2n2pWjQARjlvNG8="],"block_size":4096,"path":"monkeytype-icons/modern_ink.png"},{"block_hashes":["42uoDnCUkaf0EFkXvAt6YsIWl84Abi65zCT0SlJsWeo="],"block_size":4096,"path":"monkeytype-icons/monokai.png"},{"block_hashes":["4oXHXwFYFPtWoJo3ITpsyHOW/RYkkMde5Rpv92ugqnw="],"block_size":4096,"path":"monkeytype-icons/moonlight.png"},{"block_hashes":["8cuCruylNOAoXCQQEUWYTY0hUTdr9E9Jck6/6c8lVOc="],"block_size":4096,"path":"monkeytype-icons/mountain.png"},{"block_hashes":["GytL9ArO384ovMoFqIe0XXg6jJcftt1Cx4TXA/DnasM="],"block_size":4096,"path":"monkeytype-icons/mr_sleeves.png"},{"block_hashes":["6g/LJXh2kEir7jMoKqcqLAGIvftbjxd+C2nMY6D+txM="],"block_size":4096,"path":"monkeytype-icons/ms_cupcakes.png"},{"block_hashes":["vYzjofvwu4PB1+/XqqNK/fw6X1KaaBIE5qaxd3r6Drg="],"block_size":4096,"path":"monkeytype-icons/muted.png"},{"block_hashes":["rS/OKZkU4AmFQm8C2s/2NwvYutfzIw05RfrWN2xW7JA="],"block_size":4096,"path":"monkeytype-icons/nautilus.png"},{"block_hashes":["HtaXEPP53qkAdYXw4agw0iCh7qiTntL1BxL78Tzu3Ic="],"block_size":4096,"path":"monkeytype-icons/nebula.png"},{"block_hashes":["BJJUDJZQygikZzbhwrCKhJQ0CopD3008tobUKscP9Qs="],"block_size":4096,"path":"monkeytype-icons/night_runner.png"},{"block_hashes":["ZIcYhYje1JOiPlCGwFI9FQUhHOYN9ZrlqLcIjFhKhbw="],"block_size":4096,"path":"monkeytype-icons/nord.png"},{"block_hashes":["DVAa7K0ubhOyvcycatfRGzU7Sk4HtusSsSl05TLmlMk="],"block_size":4096,"path":"monkeytype-icons/nord_light.png"},{"block_hashes":["9EWoEifk5o5RBLJFUJxS/zBHTg7gWcwyPKtAyGzq/ZE="],"block_size":4096,"path":"monkeytype-icons/norse.png"},{"block_hashes":["alI4wyaMiPvCdJQQwFaSRI+/YbMXKseOttx3+SjsWrY="],"block_size":4096,"path":"monkeytype-icons/oblivion.png"},{"block_hashes":["H8/tvCF60dJd9KSZsGMHPt/fd//e82reglcRMa33v3k="],"block_size":4096,"path":"monkeytype-icons/olive.png"},{"block_hashes":["9DtQiAl1jshEVZIoJXfNVGS/1HQ9NIzvYyfdJNha5Rg="],"block_size":4096,"path":"monkeytype-icons/olivia.png"},{"block_hashes":["4cXDZnPN/6wFlqOsAy0UE2n4zdkn6FIbMDtM36nl3W4="],"block_size":4096,"path":"monkeytype-icons/onedark.png"},{"block_hashes":["wEZ6BtUaJaGruzz36onA7jCgzT/lhm5ZXZeINw5VTxY="],"block_size":4096,"path":"monkeytype-icons/our_theme.png"},{"block_hashes":["vPexcQUsjmqB6JXCCNAFXnCfD3lUukBKxf2ZlGx2/Nk="],"block_size":4096,"path":"monkeytype-icons/paper.png"},{"block_hashes":["CmBg491HP7h1X9D+vIIWkCu2kTQ3FrYlb5CxHpX7h4Y="],"block_size":4096,"path":"monkeytype-icons/passion_fruit.png"},{"block_hashes":["/CWgKRHiIrnLnOJD18X0s5UlJO6V65MQgUGe/HNRyNw="],"block_size":4096,"path":"monkeytype-icons/pastel.png"},{"block_hashes":["5pXvzeOJ61/Rp9/V1vwRUtKjcYlF2sb1FgMVB8CRbec="],"block_size":4096,"path":"monkeytype-icons/peach_blossom.png"},{"block_hashes":["VYrsRIUDznkkLm5v3vAqjqluI9mt0mfDa6U/2loQ2JI="],"block_size":4096,"path":"monkeytype-icons/peaches.png"},{"block_hashes":["e0GVciuqGxaTuQNRFv3gXkMHfCSyobnkMwrF/m5+Mk4="],"block_size":4096,"path":"monkeytype-icons/pink_lemonade.png"},{"block_hashes":["JYk63KYisX1W/6RuVkD2T2/QxTErStwID3FKS8hOdNA="],"block_size":4096,"path":"monkeytype-icons/pulse.png"},{"block_hashes":["IGXu1G5y1Qj8Lju75Rt4mBM7laJax6KIShYkYvnN0UI="],"block_size":4096,"path":"monkeytype-icons/purpleish.png"},{"block_hashes":["9/oSwFiXSou/n1X37lq8/mSY2aiVqZ28o94yrApnIxI="],"block_size":4096,"path":"monkeytype-icons/purpurite.png"},{"block_hashes":["hpjWTFkRNdDQSb0myqz7EhhKZTVZmbd9+ltXhG2BTKA="],"block_size":4096,"path":"monkeytype-icons/rainbow_trail.png"},{"block_hashes":["JovdOoY7H0tzK4xfS3wKA5iY8gf2hzaYBEbWNg0Xja0="],"block_size":4096,"path":"monkeytype-icons/red_dragon.png"},{"block_hashes":["fkC7z4HGzA0gleQzr1bmMy+/UdajxxTF0GaqnnH+N94="],"block_size":4096,"path":"monkeytype-icons/red_samurai.png"},{"block_hashes":["vb5lGsmAeiQ1RbOZUea5Th72B0cppJRjvdVgIrp16B8="],"block_size":4096,"path":"monkeytype-icons/repose_dark.png"},{"block_hashes":["yNdzxtghdcPWubafRKjYkKdvcEd+C8pDBaN6Wgk+9eo="],"block_size":4096,"path":"monkeytype-icons/repose_light.png"},{"block_hashes":["NVRZcsyAMn6fyJLR3Y0xTW7fl+b70yOzesJYfLtkNxI="],"block_size":4096,"path":"monkeytype-icons/retro.png"},{"block_hashes":["2Zg50Q9lTFlCG2hKi6FzueFZMTBH3KrZdqoXzlOWiCM="],"block_size":4096,"path":"monkeytype-icons/retrocast.png"},{"block_hashes":["+OCuuptVaD3AxkGMYnCg9/CTTLr4m8AHNv3pCb4F7pg="],"block_size":4096,"path":"monkeytype-icons/rgb.png"},{"block_hashes":["xwa91bEolxoMiV5jFq6SvXN3PqCP8HraRZEVZJVaHiM="],"block_size":4096,"path":"monkeytype-icons/rose_pine.png"},{"block_hashes":["a/UkPlKrQLakuvcDXg2OdPf8pcEUeeBiaAZm42nfpD8="],"block_size":4096,"path":"monkeytype-icons/rose_pine_dawn.png"},{"block_hashes":["omxZ6f+QhduvmHIKewu4WT/MSYA5arIhQHLwIdHqNrc="],"block_size":4096,"path":"monkeytype-icons/rose_pine_moon.png"},{"block_hashes":["TrjxHHK3BKiGIZr/m5O3mFCnBen+pyAG7uyUuybhNUs="],"block_size":4096,"path":"monkeytype-icons/rudy.png"},{"block_hashes":["1EhWG2hX5gZY38Vqx4JqCIKOeDD9HjxYAxKFPs6ZKI4="],"block_size":4096,"path":"monkeytype-icons/ryujinscales.png"},{"block_hashes":["ZUkDgRMATZehDw0PJ9SVJAJ+74e+jw1D2ZL4RenCwuo="],"block_size":4096,"path":"monkeytype-icons/serika.png"},{"block_hashes":["tPNdcerf3KbNmrZ+EGxsCFqMPXgRkL5dNfN0Y0p0eWc="],"block_size":4096,"path":"monkeytype-icons/sewing_tin.png"},{"block_hashes":["6AvwXnwwPE52v3UEGYnVlJAaKTWWfeoELfbBZ9ceBXI="],"block_size":4096,"path":"monkeytype-icons/sewing_tin_light.png"},{"block_hashes":["AISSrEfLICNdeRHLzWr9SXWEkGRTiNIpVZQ/JvjHVZA="],"block_size":4096,"path":"monkeytype-icons/shadow.png"},{"block_hashes":["1xn6elLJr2aXeFAcjZL3bDhCHVCBO8DqsOCOCUW076E="],"block_size":4096,"path":"monkeytype-icons/shoko.png"},{"block_hashes":["tqNUpbSJeVD9HfsnNZFdqR5jwGAPhIFqi+oey9KMdWs="],"block_size":4096,"path":"monkeytype-icons/slambook.png"},{"block_hashes":["5XqtAyNIAe94QT+TWOwFkWtZBEebHZIQQCQEdY0ckVI="],"block_size":4096,"path":"monkeytype-icons/snes.png"},{"block_hashes":["uvMwRJXPJkG7f2tOtK9584P5O2QrM19J/huI6XIv2cU="],"block_size":4096,"path":"monkeytype-icons/soaring_skies.png"},{"block_hashes":["Jh1LBfwP5b8aq0zAgdN0sZlP6eUAKgyn9uTDnXjnq54="],"block_size":4096,"path":"monkeytype-icons/solarized_dark.png"},{"block_hashes":["EwYjWihaBj23Euhv6ko/eE3GxArptErJqE/YX5nug+4="],"block_size":4096,"path":"monkeytype-icons/solarized_light.png"},{"block_hashes":["zaGaiV38B/kVB3DXekB9X2m+oohimTB5hhnGPcOMvXk="],"block_size":4096,"path":"monkeytype-icons/sonokai.png"},{"block_hashes":["CZZVclV5vq5CxKh/7BsWimUiEFJBLM7Ur/u+SFzEPbk="],"block_size":4096,"path":"monkeytype-icons/stealth.png"},{"block_hashes":["5WuxH/cWLbhdu+wcstrsHagP4Um1v8yIV2OSYjp3Xb4="],"block_size":4096,"path":"monkeytype-icons/strawberry.png"},{"block_hashes":["5qdtJd4eSybEfUOJQtbqVpjMKzjPWB8Rj7ArATur1bs="],"block_size":4096,"path":"monkeytype-icons/striker.png"},{"block_hashes":["lrNyM0Yl7sDXoVsIFnk7S2s5W2Ls69ReNksarmOsT1I="],"block_size":4096,"path":"monkeytype-icons/suisei.png"},{"block_hashes":["iSG0V8k9WiHMnL2a/mym9a39xTlj8uKWn7l8x2S17C8="],"block_size":4096,"path":"monkeytype-icons/superuser.png"},{"block_hashes":["1WWSz6JYFlZhGt+9UfP4jXAhMDwPa2nJEzJqo1kYchs="],"block_size":4096,"path":"monkeytype-icons/sweden.png"},{"block_hashes":["XV9xhSIdpsBxwErgGa9Gwmije/IBjFMEh9aajtOKELE="],"block_size":4096,"path":"monkeytype-icons/tangerine.png"},{"block_hashes":["nZnBOlYW2fffI4sE0fUKxiuO5iXyR5mYX2jsUuAc9X0="],"block_size":4096,"path":"monkeytype-icons/taro.png"},{"block_hashes":["MzB6VhnCd2qg0POOdg41VcLCk2KvE5FI9UM1CRbwesc="],"block_size":4096,"path":"monkeytype-icons/terminal.png"},{"block_hashes":["1jzAyvcvZJeIcI8O8be6GgtnV64ONKWQNnElkdio600="],"block_size":4096,"path":"monkeytype-icons/terra.png"},{"block_hashes":["F214FDoe3x4vyXrs7vTGknPOOiGPYqnu51apTJpvU5k="],"block_size":4096,"path":"monkeytype-icons/terrazzo.png"},{"block_hashes":["nJV2hkWCUoTsvcDvtfesMYJ6QKB0LTaGsozafkTLBJk="],"block_size":4096,"path":"monkeytype-icons/terror_below.png"},{"block_hashes":["f9tvndUSTL4B1PJv0OBVrFRicbDJaybXYigQizwc4NE="],"block_size":4096,"path":"monkeytype-icons/tiramisu.png"},{"block_hashes":["vcqkdWkRbTsdHe85GzVz7kdsgGsa9rRtJi5sZuqeLRA="],"block_size":4096,"path":"monkeytype-icons/trackday.png"},{"block_hashes":["Lhid0Rl86l2ycsghNT3YwK/1qexs3AEpXPOprPuWgcQ="],"block_size":4096,"path":"monkeytype-icons/trance.png"},{"block_hashes":["IVzKSqp7yH2nfr4+vuJQEf4Xx7y4Rwgqi7siOztqUs8="],"block_size":4096,"path":"monkeytype-icons/tron_orange.png"},{"block_hashes":["6sfxTiXmA8cCJ3e3QxtOHguTUjsg11a1KERTfwiOkeA="],"block_size":4096,"path":"monkeytype-icons/vaporwave.png"},{"block_hashes":["D9BzcxHkKGV3Ckju7oOgjYVFL54L5aeWjXiNYOFbKzs="],"block_size":4096,"path":"monkeytype-icons/viridescent.png"},{"block_hashes":["inMqCLQbUIJ57RKsdEQtepzlP939WoEU0+ngW7EYZMk="],"block_size":4096,"path":"monkeytype-icons/voc.png"},{"block_hashes":["BgANf2iuLYytYOQ7bjrlG6cc2VFq/SbL5JmOjbzKGnc="],"block_size":4096,"path":"monkeytype-icons/vscode.png"},{"block_hashes":["vws7vQBwIdNqdF6xE0PfAoWlWsbWZQR4Y2N/FIiXI4Y="],"block_size":4096,"path":"monkeytype-icons/watermelon.png"},{"block_hashes":["OUuUActjeEs4MBO56BydMHHIE9DvL4cITFbYpV6V7pE="],"block_size":4096,"path":"monkeytype-icons/wavez.png"},{"block_hashes":["9aRHttACmR216z8bK0jmLO1I9B4p0i4kLrOy6tqg174="],"block_size":4096,"path":"monkeytype-icons/witch_girl.png"},{"block_hashes":["Nmq2i055fP3TeO/H7baPb1HvWfR9MgX6RKw0WKaS7aI=","QXvaVOS/NF+3b7zVYEbXX3GiGp6aQEme16Cz7V71nDg=","1qduuluMSyXhweUaiEkFmZQHiNzOKiYZEQxIkstDO1Q=","nIURxbs1bhVue5CT71jhLRPXFVovTACDFyvdghCWD5I=","CVnDPsLlQRe69smA7QDiBbzSUXvxiFuLBKXv9/i6MJU=","7EEoYIjiPbxhqcdH02wsRSvb+BgbXOk7j6H5BIJnsL0=","9LSVYiauINTCn2lOOdV5kNX7zrdcQDVNf65s4mwIybQ=","XQnBobgnqFB5ceqgW5iCloVlMr6ZtkZ3rEc8FZONkDk=","bcz4MpqsdVwA7cgVBIgF/HbqkK8ytEQatDkjfS5KEAw=","pperctccLhCIbdYLKkLIRSbpihBvxQSTkBzCUvn6Sb8=","8/HLmi1D+CtqLuLtXnhnLCCijlZ1/jzflgJRq9l+jFc=","9+Zo7me9OE21G9prUpc65V1JcVuXTMspPHo24V7u1+s="],"block_size":4096,"path":"package-lock.json"},{"block_hashes":["tZSxDmeMwnF8xEP02KRhokL7ZgbLQ87dljT8jROv57Q="],"block_size":4096,"path":"package.json"},{"block_hashes":["DLa+2K9+9eJwlcv5HHeYDptL9ypZlKlPSLJyXSVIvqA="],"block_size":4096,"path":"public/script/background.js"},{"block_hashes":["UY0FUhlfagAV2XfFumuUs3bRmwRmf2mvmgeFzJ8Szrk="],"block_size":4096,"path":"public/script/monkeytype-icon.js"},{"block_hashes":["lRpEztPnVSj7pkEvzXr1XqTHAtA3JdCCw+Lr0gtyshA="],"block_size":4096,"path":"public/script/monkeytype.js"},{"block_hashes":["6OgE60D0k283mebR6/O7SqQv6K4p2/AUjqJs5LHyGL4=","O8cAVSKRdSnzAU9rXidzJqENjHkRived1LJzZ8DNkRc=","cOCsGjcbkucSN46iaocLBL7aWjEBCsCPCB0/jWxYVtQ="],"block_size":4096,"path":"public/script/popup.js"},{"block_hashes":["zBp60NAZ3bHTLQ7LWIugrCbOQdhiXdbDZjSLJfg6KOw="],"block_size":4096,"path":"public/style/input.css"},{"block_hashes":["Ul2WeAEuX6zmpBhYZA9pQy4nBbCJWdNnZi5qFTKVNWE=","mHm0Tfsw0HBGLMqblYu+8E3fWOov2K3wngrBbseRgtc=","gqUSXUL5zSN/1YpQhIupKkvwz4gUAJoNIQukun3+g04="],"block_size":4096,"path":"public/style/output.css"},{"block_hashes":["eiL17sGlqPMVf0ThRg871Y/5P3UxRx4/YojiUDeTHbI=","e/Gc9EHxVRlYhO1WeGaQuNcOFtyURH86ywQwFqoAmC8=","dFaFb9M32ypNlwX750tt5j1Z7XtjvBNJoVBKv6uI6sg=","3QBJNa4QMMtpaqPjt6FpqaPZR0atn2boH5iRw3vXnyA="],"block_size":4096,"path":"public/view/popup.html"},{"block_hashes":["qKBc86UrDre/2NssD138DZr9IkmHJQAmVCOLNgXa9aE="],"block_size":4096,"path":"tailwind.config.js"},{"block_hashes":["LHd74ud71ecFnuIJeW6CTQV7IWwsMijtM0Vv1bpDGMc=","tbasymYhcY0J0xjfYAXQWkW5PL14Oa1zRTqG3hwfw5Y=","1sEZiADuW9yR1a/IlQCIln0/1M29xaZhIyfVMyctILk=","3XuUP9TyQiARxClSBdqIEPnuLx9ysLPR9BR5SHCqbi4=","ZtSCnnSKaAGo8B3h8NVVU4lOXJfAmtN5+FGqGskH8cU=","sIPFeDcvznSUdNmviaZJQsS9vDE66ziAatgrRfdbKbA=","9NWVRWyGfHS5z+SLyq2LjA2jqdh3hrZnENfhNY6efqc=","/6Q/EazK1x469hCiYDisEWcOWjultsekr5ez4CW7jCE=","CK/IdQZgQfZU4lGjK2okPKH+30sD4bTgooQ9TSTdCk0=","8jz2Rw7p/WtWrbWywEOYt6wf2pYouwlsQu2zUOGbiHM=","FjgPL46xcQN7TKxP6cbV1cxZC3h9CKNXXQn+U+n8f18=","dwm7ce09Me9DWjr5eC0dhRgpl+7iiAIhayf5+cpTNLQ=","GV13K0Oamj43CX20yILip1di5V/6kKyAuE72SylQh6s=","AD1Vcj/PW6nwooFojgkVuARRgQMBOeQAUZz4ODO/x1M=","JU/Iknpvz/H6keQUkYutWc52fAK/OZ07XkNHZnLIyJc=","mY2XD0JG4niHO0WrJvwFwk+Pb0+xGQJW03Kj2BUTxC0=","wDtBSHARyH4HwoRHcah63jwWS1tleuSwRcKsShoWjk8=","d9et9ZU9O/nOoBSBq3AP1Lls2DaH63XrWQX94guaH/M="],"block_size":4096,"path":"theme/themes.json"}],"version":2}