[
    {
        "bgColor": "#1f1f1f",
        "mainColor": "#f2c17b",
        "caretColor": "#e3dce0",
        "subColor": "#768f95",
        "subAltColor": "#141414",
        "textColor": "#d2dff4",
        "errorColor": "#ff0000",
        "errorExtraColor": "#588498",
        "colorfulErrorColor": "#ff0000",
        "colorfulErrorExtraColor": "#588498",
        "themeBgStripeColor": "#434653",
        "themeBgStripeOpacity": 0.1,
        "themeAccentStripeColor": "#bf8200",
        "currentColor": "#d2dff4",
        "name": "dark_note"
    },
    {
        "bgColor": "#2c3333",
        "mainColor": "#95d5b2",
        "caretColor": "#f0d3c9",
        "subColor": "#84a98c",
        "subAltColor": "#232828",
        "textColor": "#e9f5db",
        "errorColor": "#ff4646",
        "errorExtraColor": "#ab2f2f",
        "colorfulErrorColor": "#bd4141",
        "colorfulErrorExtraColor": "#883434",
        "name": "viridescent"
    },
    {
        "bgColor": "#111",
        "mainColor": "#eee",
        "caretColor": "#eee",
        "subColor": "#444",
        "subAltColor": "#191919",
        "textColor": "#eee",
        "errorColor": "#da3333",
        "errorExtraColor": "#791717",
        "colorfulErrorColor": "#da3333",
        "colorfulErrorExtraColor": "#791717",
        "name": "dark"
    },
    {
        "bgColor": "#525252",
        "mainColor": "#c5b4e3",
        "caretColor": "#b1e4e3",
        "subColor": "#939eae",
        "subAltColor": "#494949",
        "textColor": "#b1e4e3",
        "errorColor": "#edc1cd",
        "errorExtraColor": "#edc1cd",
        "colorfulErrorColor": "#edc1cd",
        "colorfulErrorExtraColor": "#edc1cd",
        "name": "muted"
    },
    {
        "bgColor": "#091f2c",
        "mainColor": "#f5b1cc",
        "caretColor": "#a288d9",
        "subColor": "#93e8d3",
        "subAltColor": "#071823",
        "textColor": "#a288d9",
        "errorColor": "#e45c96",
        "errorExtraColor": "#e45c96",
        "colorfulErrorColor": "#00b398",
        "colorfulErrorExtraColor": "#e45c96",
        "name": "dark_magic_girl"
    },
    {
        "bgColor": "#333a45",
        "mainColor": "#f44c7f",
        "caretColor": "#f44c7f",
        "subColor": "#939eae",
        "subAltColor": "#2e343d",
        "textColor": "#e9ecf0",
        "errorColor": "#da3333",
        "errorExtraColor": "#791717",
        "colorfulErrorColor": "#c5da33",
        "colorfulErrorExtraColor": "#849224",
        "name": "8008"
    },
    {
        "bgColor": "#313131",
        "mainColor": "#f66e0d",
        "caretColor": "#f66e0d",
        "subColor": "#616161",
        "subAltColor": "#2b2b2b",
        "textColor": "#f5e6c8",
        "errorColor": "#e72d2d",
        "errorExtraColor": "#7e2a33",
        "colorfulErrorColor": "#e72d2d",
        "colorfulErrorExtraColor": "#7e2a33",
        "name": "carbon"
    },
    {
        "bgColor": "#ce1226",
        "mainColor": "#fcd116",
        "caretColor": "#fcd116",
        "subColor": "#6d0f19",
        "subAltColor": "#9f1020",
        "textColor": "#ffffff",
        "errorColor": "#fcd116",
        "errorExtraColor": "#fcd116",
        "colorfulErrorColor": "#1672fc",
        "colorfulErrorExtraColor": "#1672fc",
        "name": "our_theme"
    },
    {
        "bgColor": "#121520",
        "caretColor": "#fff",
        "mainColor": "#fff",
        "subColor": "#676e8a",
        "subAltColor": "#1b1e2c",
        "textColor": "#fff",
        "errorColor": "#da3333",
        "errorExtraColor": "#791717",
        "colorfulErrorColor": "#da3333",
        "colorfulErrorExtraColor": "#791717",
        "name": "dots"
    },
    {
        "bgColor": "#132237",
        "mainColor": "#ebb723",
        "caretColor": "#ebb723",
        "subColor": "#0b4c6c",
        "subAltColor": "#0e1a29",
        "textColor": "#1cbaac",
        "errorColor": "#da3333",
        "errorExtraColor": "#791717",
        "colorfulErrorColor": "#da3333",
        "colorfulErrorExtraColor": "#791717",
        "name": "nautilus"
    },
    {
        "mainColor": "#e2b714",
        "caretColor": "#e2b714",
        "subColor": "#aaaeb3",
        "subAltColor": "#d1d3d8",
        "bgColor": "#e1e1e3",
        "textColor": "#323437",
        "errorColor": "#da3333",
        "errorExtraColor": "#791717",
        "colorfulErrorColor": "#da3333",
        "colorfulErrorExtraColor": "#791717",
        "name": "serika"
    },
    {
        "bgColor": "#323437",
        "mainColor": "#e2b714",
        "caretColor": "#e2b714",
        "subColor": "#646669",
        "subAltColor": "#2c2e31",
        "textColor": "#d1d0c5",
        "errorColor": "#ca4754",
        "errorExtraColor": "#7e2a33",
        "colorfulErrorColor": "#ca4754",
        "colorfulErrorExtraColor": "#7e2a33",
        "name": "serika_dark"
    },
    {
        "bgColor": "#242933",
        "mainColor": "#ec4c56",
        "caretColor": "#ec4c56",
        "subColor": "#596172",
        "subAltColor": "#1c222d",
        "textColor": "#f6f0e9",
        "errorColor": "#ec4c56",
        "errorExtraColor": "#9b333a",
        "colorfulErrorColor": "#ecdc4c",
        "colorfulErrorExtraColor": "#bdb03d",
        "name": "bushido"
    },
    {
        "bgColor": "#84202c",
        "mainColor": "#c79e6e",
        "caretColor": "#c79e6e",
        "subColor": "#55131b",
        "subAltColor": "#751d26",
        "textColor": "#e2dad0",
        "errorColor": "#33bbda",
        "errorExtraColor": "#176b79",
        "colorfulErrorColor": "#33bbda",
        "colorfulErrorExtraColor": "#176779",
        "name": "red_samurai"
    },
    {
        "bgColor": "#111",
        "mainColor": "#eee",
        "caretColor": "#eee",
        "subColor": "#444",
        "subAltColor": "#1a1a1a",
        "textColor": "#eee",
        "errorColor": "#eee",
        "errorExtraColor": "#b3b3b3",
        "colorfulErrorColor": "#eee",
        "colorfulErrorExtraColor": "#b3b3b3",
        "name": "rgb"
    },
    {
        "bgColor": "#313231",
        "mainColor": "#a5a096",
        "caretColor": "#a5a096",
        "subColor": "#5d6263",
        "subAltColor": "#3a3b3b",
        "textColor": "#f7f5f1",
        "errorColor": "#dd452e",
        "errorExtraColor": "#9e3423",
        "colorfulErrorColor": "#dd452e",
        "colorfulErrorExtraColor": "#9e3423",
        "name": "oblivion"
    },
    {
        "bgColor": "#ffffff",
        "mainColor": "#f5b1cc",
        "caretColor": "#e45c96",
        "subColor": "#93e8d3",
        "subAltColor": "#f2f2f2",
        "textColor": "#00ac8c",
        "errorColor": "#ffe495",
        "errorExtraColor": "#e45c96",
        "colorfulErrorColor": "#ffe485",
        "colorfulErrorExtraColor": "#e45c96",
        "name": "magic_girl"
    },
    {
        "bgColor": "#0f1f2c",
        "mainColor": "#56c3b7",
        "caretColor": "#56c3b7",
        "subColor": "#326984",
        "subAltColor": "#0b1822",
        "textColor": "#e4edf1",
        "errorColor": "#d44729",
        "errorExtraColor": "#8f2f19",
        "colorfulErrorColor": "#d44729",
        "colorfulErrorExtraColor": "#8f2f19",
        "name": "metropolis"
    },
    {
        "bgColor": "#0f0f0f",
        "mainColor": "#e7e7e7",
        "caretColor": "#f5f5f5",
        "subColor": "#4c4c4c",
        "subAltColor": "#1a1a1a",
        "textColor": "#e7e7e7",
        "errorColor": "#ac8c8c",
        "errorExtraColor": "#c49ea0",
        "colorfulErrorColor": "#aca98a",
        "colorfulErrorExtraColor": "#c4c19e",
        "name": "mountain"
    },
    {
        "bgColor": "#221b44",
        "mainColor": "#009eaf",
        "caretColor": "#009eaf",
        "subColor": "#b82356",
        "subAltColor": "#1e173b",
        "textColor": "#dbe7e8",
        "errorColor": "#a8d400",
        "errorExtraColor": "#668000",
        "colorfulErrorColor": "#a8d400",
        "colorfulErrorExtraColor": "#668000",
        "name": "laser"
    },
    {
        "bgColor": "#dad3c1",
        "mainColor": "#1d1b17",
        "caretColor": "#1d1b17",
        "subColor": "#918b7d",
        "subAltColor": "#c8c3b3",
        "textColor": "#1d1b17",
        "errorColor": "#bf616a",
        "errorExtraColor": "#793e44",
        "colorfulErrorColor": "#bf616a",
        "colorfulErrorExtraColor": "#793e44",
        "name": "retro"
    },
    {
        "bgColor": "#282a36",
        "mainColor": "#bd93f9",
        "caretColor": "#bd93f9",
        "subColor": "#6272a4",
        "subAltColor": "#20222c",
        "textColor": "#f8f8f2",
        "errorColor": "#ff5555",
        "errorExtraColor": "#f1fa8c",
        "colorfulErrorColor": "#ff5555",
        "colorfulErrorExtraColor": "#f1fa8c",
        "name": "dracula"
    },
    {
        "bgColor": "#242933",
        "caretColor": "#eceff4",
        "mainColor": "#88c0d0",
        "subColor": "#929aaa",
        "subAltColor": "#2e3440",
        "textColor": "#d8dee9",
        "errorColor": "#bf616a",
        "errorExtraColor": "#793e44",
        "colorfulErrorColor": "#bf616a",
        "colorfulErrorExtraColor": "#793e44",
        "name": "nord"
    },
    {
        "bgColor": "#d1d7da",
        "mainColor": "#daa99b",
        "caretColor": "#8fadc9",
        "subColor": "#9a9fa1",
        "subAltColor": "#bfcbd1",
        "textColor": "#1d1d1d",
        "errorColor": "#bf6464",
        "errorExtraColor": "#793e44",
        "colorfulErrorColor": "#8fadc9",
        "colorfulErrorExtraColor": "#667c91",
        "name": "mr_sleeves"
    },
    {
        "bgColor": "#1c1b1d",
        "mainColor": "#deaf9d",
        "caretColor": "#deaf9d",
        "subColor": "#4e3e3e",
        "subAltColor": "#262223",
        "textColor": "#f2efed",
        "errorColor": "#bf616a",
        "errorExtraColor": "#793e44",
        "colorfulErrorColor": "#e03d4e",
        "colorfulErrorExtraColor": "#aa2f3b",
        "name": "olivia"
    },
    {
        "bgColor": "#262727",
        "mainColor": "#f0d3c9",
        "caretColor": "#f0d3c9",
        "subColor": "#665957",
        "subAltColor": "#343231",
        "textColor": "#fff",
        "errorColor": "#bd4141",
        "errorExtraColor": "#883434",
        "colorfulErrorColor": "#bd4141",
        "colorfulErrorExtraColor": "#883434",
        "name": "bliss"
    },
    {
        "bgColor": "#afcbdd",
        "mainColor": "#fcfbf6",
        "caretColor": "#fcfbf6",
        "subColor": "#85a5bb",
        "subAltColor": "#9fc1d4",
        "textColor": "#1a2633",
        "errorColor": "#bf616a",
        "errorExtraColor": "#793e44",
        "colorfulErrorColor": "#bf616a",
        "colorfulErrorExtraColor": "#793e44",
        "name": "mizu"
    },
    {
        "bgColor": "#232323",
        "mainColor": "#d82934",
        "caretColor": "#d82934",
        "subColor": "#5e5e5e",
        "subAltColor": "#1d1d1d",
        "textColor": "#e8e8e8",
        "errorColor": "#da3333",
        "errorExtraColor": "#791717",
        "colorfulErrorColor": "#d7da33",
        "colorfulErrorExtraColor": "#737917",
        "name": "metaverse"
    },
    {
        "bgColor": "#000",
        "mainColor": "#eee",
        "caretColor": "#eee",
        "subColor": "#444",
        "subAltColor": "#171717",
        "textColor": "#eee",
        "errorColor": "#fff",
        "errorExtraColor": "#d8d8d8",
        "colorfulErrorColor": "#fff",
        "colorfulErrorExtraColor": "#d8d8d8",
        "name": "shadow"
    },
    {
        "bgColor": "#05385b",
        "mainColor": "#5cdb95",
        "caretColor": "#5cdb95",
        "subColor": "#20688a",
        "subAltColor": "#07324e",
        "textColor": "#edf5e1",
        "errorColor": "#f35588",
        "errorExtraColor": "#a3385a",
        "colorfulErrorColor": "#f35588",
        "colorfulErrorExtraColor": "#a3385a",
        "name": "mint"
    },
    {
        "bgColor": "#f35588",
        "mainColor": "#05dfd7",
        "caretColor": "#a3f7bf",
        "textColor": "#f0e9ec",
        "subColor": "#94294c",
        "subAltColor": "#db4979",
        "errorColor": "#fff591",
        "errorExtraColor": "#b9b269",
        "colorfulErrorColor": "#fff591",
        "colorfulErrorExtraColor": "#b9b269",
        "name": "miami"
    },
    {
        "bgColor": "#18181a",
        "mainColor": "#e4609b",
        "caretColor": "#e4609b",
        "subColor": "#47bac0",
        "subAltColor": "#0f0f10",
        "textColor": "#fff",
        "errorColor": "#fff591",
        "errorExtraColor": "#b6af68",
        "colorfulErrorColor": "#fff591",
        "colorfulErrorExtraColor": "#b6af68",
        "name": "miami_nights"
    },
    {
        "bgColor": "#2d2e30",
        "mainColor": "#7eddd3",
        "caretColor": "#7eddd3",
        "subColor": "#54585c",
        "subAltColor": "#242527",
        "textColor": "#e3e6eb",
        "errorColor": "#d36a7b",
        "errorExtraColor": "#994154",
        "colorfulErrorColor": "#d36a7b",
        "colorfulErrorExtraColor": "#994154",
        "name": "modern_dolch"
    },
    {
        "bgColor": "#7b9c98",
        "mainColor": "#eaf1f3",
        "caretColor": "#abc6c4",
        "subColor": "#495755",
        "subAltColor": "#72908d",
        "textColor": "#eaf1f3",
        "errorColor": "#f6c9b4",
        "errorExtraColor": "#f59a71",
        "colorfulErrorColor": "#f6c9b4",
        "colorfulErrorExtraColor": "#f59a71",
        "name": "botanical"
    },
    {
        "bgColor": "#eeebe2",
        "mainColor": "#080909",
        "caretColor": "#7fa480",
        "subColor": "#99947f",
        "subAltColor": "#d3cfc1",
        "textColor": "#080909",
        "errorColor": "#c87e74",
        "errorExtraColor": "#a56961",
        "colorfulErrorColor": "#c87e74",
        "colorfulErrorExtraColor": "#a56961",
        "name": "9009"
    },
    {
        "bgColor": "#b8a7aa",
        "mainColor": "#83616e",
        "caretColor": "#ebe6ea",
        "subColor": "#48373d",
        "subAltColor": "#ab989e",
        "textColor": "#ebe6ea",
        "errorColor": "#921341",
        "errorExtraColor": "#640b2c",
        "colorfulErrorColor": "#921341",
        "colorfulErrorExtraColor": "#640b2c",
        "name": "bingsu"
    },
    {
        "bgColor": "#191a1b",
        "caretColor": "#79a617",
        "mainColor": "#79a617",
        "subColor": "#48494b",
        "subAltColor": "#141516",
        "textColor": "#e7eae0",
        "errorColor": "#a61717",
        "errorExtraColor": "#731010",
        "colorfulErrorColor": "#a61717",
        "colorfulErrorExtraColor": "#731010",
        "name": "terminal"
    },
    {
        "bgColor": "#ada6c2",
        "mainColor": "#e4e3e9",
        "caretColor": "#e4e3e9",
        "subColor": "#e4e3e9",
        "subAltColor": "#a19bb9",
        "textColor": "#2f2a41",
        "errorColor": "#ca4754",
        "errorExtraColor": "#7e2a33",
        "colorfulErrorColor": "#ca4754",
        "colorfulErrorExtraColor": "#7e2a33",
        "name": "lavender"
    },
    {
        "bgColor": "#b3baff",
        "mainColor": "#130f1a",
        "caretColor": "#00e9e5",
        "subColor": "#6f6c91",
        "subAltColor": "#a3a7df",
        "textColor": "#130f1a",
        "errorColor": "#ffe23e",
        "errorExtraColor": "#fff1c3",
        "colorfulErrorColor": "#ffe23e",
        "colorfulErrorExtraColor": "#fff1c3",
        "name": "taro"
    },
    {
        "bgColor": "#124883",
        "mainColor": "#d7dcda",
        "caretColor": "#d7dcda",
        "subColor": "#0f2d4e",
        "subAltColor": "#104176",
        "textColor": "#d6dbd9",
        "errorColor": "#fb4934",
        "errorExtraColor": "#cc241d",
        "colorfulErrorColor": "#fb4934",
        "colorfulErrorExtraColor": "#cc241d",
        "name": "striker"
    },
    {
        "bgColor": "#282828",
        "mainColor": "#d79921",
        "caretColor": "#fabd2f",
        "subColor": "#665c54",
        "subAltColor": "#212121",
        "textColor": "#ebdbb2",
        "errorColor": "#fb4934",
        "errorExtraColor": "#cc241d",
        "colorfulErrorColor": "#cc241d",
        "colorfulErrorExtraColor": "#9d0006",
        "name": "gruvbox_dark"
    },
    {
        "bgColor": "#fbf1c7",
        "mainColor": "#689d6a",
        "caretColor": "#689d6a",
        "subColor": "#a89984",
        "subAltColor": "#daceae",
        "textColor": "#3c3836",
        "errorColor": "#cc241d",
        "errorExtraColor": "#9d0006",
        "colorfulErrorColor": "#cc241d",
        "colorfulErrorExtraColor": "#9d0006",
        "name": "gruvbox_light"
    },
    {
        "bgColor": "#272822",
        "mainColor": "#a6e22e",
        "caretColor": "#66d9ef",
        "subColor": "#e6db74",
        "subAltColor": "#1f201b",
        "textColor": "#e2e2dc",
        "errorColor": "#f92672",
        "errorExtraColor": "#fd971f",
        "colorfulErrorColor": "#f92672",
        "colorfulErrorExtraColor": "#fd971f",
        "name": "monokai"
    },
    {
        "bgColor": "#2c2e34",
        "mainColor": "#9ed072",
        "caretColor": "#f38c71",
        "subColor": "#e7c664",
        "subAltColor": "#232429",
        "textColor": "#e2e2e3",
        "errorColor": "#fc5d7c",
        "errorExtraColor": "#ecac6a",
        "colorfulErrorColor": "#fc5d7c",
        "colorfulErrorExtraColor": "#ecac6a",
        "name": "sonokai"
    },
    {
        "bgColor": "#faf1e4",
        "mainColor": "#618c56",
        "caretColor": "#618c56",
        "subColor": "#c2b8aa",
        "subAltColor": "#e7dccb",
        "textColor": "#3c403b",
        "errorColor": "#ad4f4e",
        "errorExtraColor": "#7e3a39",
        "colorfulErrorColor": "#ad4f4e",
        "colorfulErrorExtraColor": "#7e3a39",
        "name": "camping"
    },
    {
        "bgColor": "#190618",
        "mainColor": "#e0caac",
        "caretColor": "#e0caac",
        "subColor": "#4c1e48",
        "subAltColor": "#2c0c28",
        "textColor": "#eeeae4",
        "errorColor": "#af3735",
        "errorExtraColor": "#7e2a29",
        "colorfulErrorColor": "#af3735",
        "colorfulErrorExtraColor": "#7e2a29",
        "name": "voc"
    },
    {
        "bgColor": "#a4a7ea",
        "mainColor": "#e368da",
        "caretColor": "#28cafe",
        "subColor": "#7c7faf",
        "subAltColor": "#989bd9",
        "textColor": "#f1ebf1",
        "errorColor": "#573ca9",
        "errorExtraColor": "#3d2b77",
        "colorfulErrorColor": "#28cafe",
        "colorfulErrorExtraColor": "#25a9ce",
        "name": "vaporwave"
    },
    {
        "bgColor": "#181818",
        "mainColor": "#17b8bd",
        "caretColor": "#17b8bd",
        "subColor": "#53565a",
        "subAltColor": "#121212",
        "textColor": "#e5f4f4",
        "errorColor": "#da3333",
        "errorExtraColor": "#791717",
        "colorfulErrorColor": "#da3333",
        "colorfulErrorExtraColor": "#791717",
        "name": "pulse"
    },
    {
        "bgColor": "#000000",
        "mainColor": "#15ff00",
        "caretColor": "#15ff00",
        "subColor": "#006500",
        "subAltColor": "#032000",
        "textColor": "#d1ffcd",
        "errorColor": "#da3333",
        "errorExtraColor": "#791717",
        "colorfulErrorColor": "#da3333",
        "colorfulErrorExtraColor": "#791717",
        "name": "matrix"
    },
    {
        "bgColor": "#e9e5cc",
        "caretColor": "#92946f",
        "mainColor": "#92946f",
        "subColor": "#b7b39e",
        "subAltColor": "#d4cfbc",
        "textColor": "#373731",
        "errorColor": "#cf2f2f",
        "errorExtraColor": "#a22929",
        "colorfulErrorColor": "#cf2f2f",
        "colorfulErrorExtraColor": "#a22929",
        "name": "olive"
    },
    {
        "bgColor": "#f37f83",
        "mainColor": "#fcfcf8",
        "caretColor": "#fcfcf8",
        "subColor": "#e53c58",
        "subAltColor": "#ef6e77",
        "textColor": "#fcfcf8",
        "errorColor": "#fcd23f",
        "errorExtraColor": "#d7ae1e",
        "colorfulErrorColor": "#fcd23f",
        "colorfulErrorExtraColor": "#d7ae1e",
        "name": "strawberry"
    },
    {
        "bgColor": "#212121",
        "mainColor": "#feff04",
        "caretColor": "#feff04",
        "subColor": "#5c4a9c",
        "subAltColor": "#1a1a1a",
        "textColor": "#e8e8e8",
        "errorColor": "#da3333",
        "errorExtraColor": "#791717",
        "colorfulErrorColor": "#da3333",
        "colorfulErrorExtraColor": "#791717",
        "name": "night_runner"
    },
    {
        "bgColor": "#181c18",
        "mainColor": "#00ce7c",
        "caretColor": "#00ce7c",
        "subColor": "#9578d3",
        "subAltColor": "#131613",
        "textColor": "#c2fbe1",
        "errorColor": "#ff5f5f",
        "errorExtraColor": "#d22a2a",
        "colorfulErrorColor": "#ff5f5f",
        "colorfulErrorExtraColor": "#d22a2a",
        "name": "cyberspace"
    },
    {
        "bgColor": "#1a0e25",
        "mainColor": "#99de1e",
        "caretColor": "#99de1e",
        "subColor": "#7554a3",
        "subAltColor": "#14081f",
        "textColor": "#e9e2f5",
        "errorColor": "#e32b2b",
        "errorExtraColor": "#a62626",
        "colorfulErrorColor": "#e32b2b",
        "colorfulErrorExtraColor": "#a62626",
        "name": "joker"
    },
    {
        "bgColor": "#737373",
        "mainColor": "#212222",
        "caretColor": "#212222",
        "subColor": "#aaaaaa",
        "subAltColor": "#646464",
        "textColor": "#212222",
        "errorColor": "#c82931",
        "errorExtraColor": "#ac1823",
        "colorfulErrorColor": "#c82931",
        "colorfulErrorExtraColor": "#ac1823",
        "name": "dualshot"
    },
    {
        "bgColor": "#002b36",
        "mainColor": "#859900",
        "caretColor": "#dc322f",
        "subColor": "#2aa198",
        "subAltColor": "#00222b",
        "textColor": "#268bd2",
        "errorColor": "#d33682",
        "errorExtraColor": "#9b225c",
        "colorfulErrorColor": "#d33682",
        "colorfulErrorExtraColor": "#9b225c",
        "name": "solarized_dark"
    },
    {
        "bgColor": "#fdf6e3",
        "mainColor": "#859900",
        "caretColor": "#dc322f",
        "subColor": "#2aa198",
        "subAltColor": "#e2d8be",
        "textColor": "#181819",
        "errorColor": "#d33682",
        "errorExtraColor": "#9b225c",
        "colorfulErrorColor": "#d33682",
        "colorfulErrorExtraColor": "#9b225c",
        "name": "solarized_light"
    },
    {
        "bgColor": "#0c100e",
        "mainColor": "#89c559",
        "caretColor": "#89c559",
        "subColor": "#436029",
        "subAltColor": "#0f1d18",
        "textColor": "#f0edd1",
        "errorColor": "#d3ca78",
        "errorExtraColor": "#89844d",
        "colorfulErrorColor": "#d3ca78",
        "colorfulErrorExtraColor": "#89844d",
        "name": "terra"
    },
    {
        "bgColor": "#1a0b0c",
        "mainColor": "#ff3a32",
        "caretColor": "#ff3a32",
        "subColor": "#e2a528",
        "subAltColor": "#0e0506",
        "textColor": "#4a4d4e",
        "errorColor": "#771b1f",
        "errorExtraColor": "#591317",
        "colorfulErrorColor": "#771b1f",
        "colorfulErrorExtraColor": "#591317",
        "name": "red_dragon"
    },
    {
        "bgColor": "#030613",
        "mainColor": "#4fcdb9",
        "caretColor": "#4fcdb9",
        "subColor": "#213c53",
        "subAltColor": "#0a1928",
        "textColor": "#e2f1f5",
        "errorColor": "#e32b2b",
        "errorExtraColor": "#a62626",
        "colorfulErrorColor": "#e32b2b",
        "colorfulErrorExtraColor": "#a62626",
        "name": "hammerhead"
    },
    {
        "bgColor": "#2e1a47",
        "mainColor": "#f7f2ea",
        "caretColor": "#f7f2ea",
        "subColor": "#c18fff",
        "subAltColor": "#27173c",
        "textColor": "#f7f2ea",
        "errorColor": "#f04e98",
        "errorExtraColor": "#bd1c66",
        "colorfulErrorColor": "#f04e98",
        "colorfulErrorExtraColor": "#bd1c66",
        "name": "future_funk"
    },
    {
        "bgColor": "#ffffff",
        "mainColor": "#212b43",
        "caretColor": "#212b43",
        "subColor": "#62cfe6",
        "subAltColor": "#ddeff3",
        "textColor": "#212b43",
        "errorColor": "#f19dac",
        "errorExtraColor": "#e58c9d",
        "colorfulErrorColor": "#f19dac",
        "colorfulErrorExtraColor": "#e58c9d",
        "name": "milkshake"
    },
    {
        "bgColor": "#101820",
        "mainColor": "#eedaea",
        "caretColor": "#eedaea",
        "subColor": "#cf6bdd",
        "subAltColor": "#292136",
        "textColor": "#eedaea",
        "errorColor": "#ff5253",
        "errorExtraColor": "#e3002b",
        "colorfulErrorColor": "#ff5253",
        "colorfulErrorExtraColor": "#e3002b",
        "name": "aether"
    },
    {
        "bgColor": "#e1dacb",
        "mainColor": "#7b7d7d",
        "caretColor": "#7b7d7d",
        "subColor": "#b29c5e",
        "subAltColor": "#d3cdc1",
        "textColor": "#7b7d7d",
        "errorColor": "#f28578",
        "errorExtraColor": "#d56558",
        "colorfulErrorColor": "#f28578",
        "colorfulErrorExtraColor": "#d56558",
        "name": "froyo"
    },
    {
        "bgColor": "#07737a",
        "mainColor": "#88dbdf",
        "caretColor": "#88dbdf",
        "subColor": "#f3e03b",
        "subAltColor": "#26858b",
        "textColor": "#ffffff",
        "errorColor": "#ff585d",
        "errorExtraColor": "#c04455",
        "colorfulErrorColor": "#ff585d",
        "colorfulErrorExtraColor": "#c04455",
        "name": "retrocast"
    },
    {
        "bgColor": "#221c35",
        "mainColor": "#f67599",
        "caretColor": "#f67599",
        "subColor": "#5a3a7e",
        "subAltColor": "#2f2346",
        "textColor": "#ffe3eb",
        "errorColor": "#efc050",
        "errorExtraColor": "#c5972c",
        "colorfulErrorColor": "#efc050",
        "colorfulErrorExtraColor": "#c5972c",
        "name": "luna"
    },
    {
        "bgColor": "#303c36",
        "mainColor": "#a59682",
        "caretColor": "#601420",
        "subColor": "#181d1a",
        "subAltColor": "#36453c",
        "textColor": "#a59682",
        "errorColor": "#601420",
        "errorExtraColor": "#5f0715",
        "colorfulErrorColor": "#601420",
        "colorfulErrorExtraColor": "#5f0715",
        "name": "graen"
    },
    {
        "bgColor": "#2d394d",
        "mainColor": "#ff7a90",
        "caretColor": "#ff7a90",
        "subColor": "#4a768d",
        "subAltColor": "#263041",
        "textColor": "#fffaf8",
        "errorColor": "#ee2a3a",
        "errorExtraColor": "#f04040",
        "colorfulErrorColor": "#fc2032",
        "colorfulErrorExtraColor": "#f04040",
        "name": "bento"
    },
    {
        "bgColor": "#1f4437",
        "mainColor": "#d6686f",
        "caretColor": "#d6686f",
        "subColor": "#3e7a65",
        "subAltColor": "#244d3f",
        "textColor": "#cdc6bc",
        "errorColor": "#c82931",
        "errorExtraColor": "#ac1823",
        "colorfulErrorColor": "#c82931",
        "colorfulErrorExtraColor": "#ac1823",
        "name": "watermelon"
    },
    {
        "bgColor": "#00c18c",
        "mainColor": "#ffffff",
        "caretColor": "#99fdd8",
        "subColor": "#186544",
        "subAltColor": "#17ae7d",
        "textColor": "#ffffff",
        "errorColor": "#e03c3c",
        "errorExtraColor": "#b12525",
        "colorfulErrorColor": "#e03c3c",
        "colorfulErrorExtraColor": "#b12525",
        "name": "menthol"
    },
    {
        "bgColor": "#202020",
        "mainColor": "#91170c",
        "caretColor": "#c58940",
        "subColor": "#847869",
        "subAltColor": "#272727",
        "textColor": "#fae1c3",
        "errorColor": "#bb1e10",
        "errorExtraColor": "#791717",
        "colorfulErrorColor": "#c5da33",
        "colorfulErrorExtraColor": "#849224",
        "name": "ishtar"
    },
    {
        "bgColor": "#2b2b2c",
        "mainColor": "#76689a",
        "caretColor": "#76689a",
        "subColor": "#d8a0a6",
        "subAltColor": "#27242c",
        "textColor": "#f1e2e4",
        "errorColor": "#d44729",
        "errorExtraColor": "#8f2f19",
        "colorfulErrorColor": "#d44729",
        "colorfulErrorExtraColor": "#8f2f19",
        "name": "mashu"
    },
    {
        "bgColor": "#058b8c",
        "mainColor": "#b63530",
        "caretColor": "#b63530",
        "subColor": "#255458",
        "subAltColor": "#0e7d7e",
        "textColor": "#f7f2ea",
        "errorColor": "#b63530",
        "errorExtraColor": "#530e0e",
        "colorfulErrorColor": "#ddca1f",
        "colorfulErrorExtraColor": "#8f8610",
        "name": "deku"
    },
    {
        "bgColor": "#f2aa00",
        "mainColor": "#fff546",
        "caretColor": "#795200",
        "subColor": "#a66b00",
        "subAltColor": "#e19e00",
        "textColor": "#f3eecb",
        "errorColor": "#df3333",
        "errorExtraColor": "#6d1f1f",
        "colorfulErrorColor": "#df3333",
        "colorfulErrorExtraColor": "#6d1f1f",
        "name": "honey"
    },
    {
        "bgColor": "#ced7e0",
        "mainColor": "#81c4dd",
        "caretColor": "#81c4dd",
        "subColor": "#7599b1",
        "subAltColor": "#b7cada",
        "textColor": "#3b4c58",
        "errorColor": "#bf616a",
        "errorExtraColor": "#793e44",
        "colorfulErrorColor": "#bf616a",
        "colorfulErrorExtraColor": "#793e44",
        "name": "shoko"
    },
    {
        "bgColor": "#242425",
        "mainColor": "#2b5f6d",
        "caretColor": "#2b5f6d",
        "subColor": "#505b5e",
        "subAltColor": "#303333",
        "textColor": "#ccc2b1",
        "errorColor": "#7e2a2a",
        "errorExtraColor": "#771d1d",
        "colorfulErrorColor": "#ca4754",
        "colorfulErrorExtraColor": "#7e2a33",
        "name": "norse"
    },
    {
        "bgColor": "#523525",
        "mainColor": "#7ec160",
        "caretColor": "#7ec160",
        "subColor": "#9e6749",
        "subAltColor": "#422b1e",
        "textColor": "#ecddcc",
        "errorColor": "#fb4934",
        "errorExtraColor": "#cc241d",
        "colorfulErrorColor": "#fb4934",
        "colorfulErrorExtraColor": "#cc241d",
        "name": "matcha_moccha"
    },
    {
        "bgColor": "#ceb18d",
        "mainColor": "#14120f",
        "caretColor": "#14120f",
        "subColor": "#d4d2d1",
        "subAltColor": "#bba180",
        "textColor": "#14120f",
        "errorColor": "#c82931",
        "errorExtraColor": "#ac1823",
        "colorfulErrorColor": "#c82931",
        "colorfulErrorExtraColor": "#ac1823",
        "name": "cafe"
    },
    {
        "bgColor": "#6c687f",
        "mainColor": "#ffffff",
        "caretColor": "#585568",
        "subColor": "#9994b8",
        "subAltColor": "#77738c",
        "textColor": "#ffffff",
        "errorColor": "#e32b2b",
        "errorExtraColor": "#a62626",
        "colorfulErrorColor": "#e32b2b",
        "colorfulErrorExtraColor": "#a62626",
        "name": "alpine"
    },
    {
        "bgColor": "#262a33",
        "mainColor": "#43ffaf",
        "caretColor": "#43ffaf",
        "subColor": "#526777",
        "subAltColor": "#1f232c",
        "textColor": "#e5f7ef",
        "errorColor": "#ff5f5f",
        "errorExtraColor": "#d22a2a",
        "colorfulErrorColor": "#ff5f5f",
        "colorfulErrorExtraColor": "#d22a2a",
        "name": "superuser"
    },
    {
        "bgColor": "#ffffff",
        "mainColor": "#5ed5f3",
        "caretColor": "#303030",
        "subColor": "#d64090",
        "subAltColor": "#edf8fa",
        "textColor": "#0a282f",
        "errorColor": "#000000",
        "errorExtraColor": "#c9c9c9",
        "colorfulErrorColor": "#ca4754",
        "colorfulErrorExtraColor": "#7e2a33",
        "name": "ms_cupcakes"
    },
    {
        "bgColor": "#e4e4d4",
        "mainColor": "#6b886b",
        "caretColor": "#424643",
        "subColor": "#8a9b69",
        "subAltColor": "#cbd0bf",
        "textColor": "#555a56",
        "errorColor": "#d60000",
        "errorExtraColor": "#f68484",
        "colorfulErrorColor": "#ca4754",
        "colorfulErrorExtraColor": "#7e2a33",
        "name": "dollar"
    },
    {
        "bgColor": "#7c878e",
        "mainColor": "#93c247",
        "caretColor": "#93c247",
        "subColor": "#4b5257",
        "subAltColor": "#737d82",
        "textColor": "#bfcfdc",
        "errorColor": "#ea4221",
        "errorExtraColor": "#7e2a33",
        "colorfulErrorColor": "#ea4221",
        "colorfulErrorExtraColor": "#7e2a33",
        "name": "lime"
    },
    {
        "bgColor": "#0058a3",
        "mainColor": "#ffcc02",
        "caretColor": "#b5b5b5",
        "subColor": "#57abdb",
        "subAltColor": "#024f8e",
        "textColor": "#ffffff",
        "errorColor": "#e74040",
        "errorExtraColor": "#a22f2f",
        "colorfulErrorColor": "#f56674",
        "colorfulErrorExtraColor": "#e33546",
        "name": "sweden"
    },
    {
        "bgColor": "#1c292f",
        "mainColor": "#6bde3b",
        "caretColor": "#6bde3b",
        "subColor": "#1f5e6b",
        "subAltColor": "#1b3238",
        "textColor": "#e9efe6",
        "errorColor": "#ca4754",
        "errorExtraColor": "#7e2a33",
        "colorfulErrorColor": "#ca4754",
        "colorfulErrorExtraColor": "#7e2a33",
        "name": "wavez"
    },
    {
        "bgColor": "#212135",
        "mainColor": "#be3c88",
        "caretColor": "#78c729",
        "subColor": "#19b3b8",
        "subAltColor": "#191928",
        "textColor": "#838686",
        "errorColor": "#ca4754",
        "errorExtraColor": "#7e2a33",
        "colorfulErrorColor": "#ca4754",
        "colorfulErrorExtraColor": "#7e2a33",
        "name": "nebula"
    },
    {
        "bgColor": "#ebe1ef",
        "mainColor": "#8a5bd6",
        "caretColor": "#212b43",
        "subColor": "#a28db8",
        "subAltColor": "#dac7e2",
        "textColor": "#212b43",
        "errorColor": "#f794ca",
        "errorExtraColor": "#f279c2",
        "colorfulErrorColor": "#f794ca",
        "colorfulErrorExtraColor": "#f279c2",
        "name": "lil_dragon"
    },
    {
        "bgColor": "#e0b2bd",
        "mainColor": "#fbf4b6",
        "caretColor": "#fbf4b6",
        "subColor": "#b4e9ff",
        "subAltColor": "#d29fab",
        "textColor": "#6d5c6f",
        "errorColor": "#ff6961",
        "errorExtraColor": "#c23b22",
        "colorfulErrorColor": "#ff6961",
        "colorfulErrorExtraColor": "#c23b22",
        "name": "pastel"
    },
    {
        "bgColor": "#1c1c1c",
        "mainColor": "#dfd7af",
        "caretColor": "#e3e3e3",
        "subColor": "#444444",
        "subAltColor": "#242424",
        "textColor": "#f5f3ed",
        "errorColor": "#af5f5f",
        "errorExtraColor": "#4d2113",
        "colorfulErrorColor": "#af5f5f",
        "colorfulErrorExtraColor": "#4d2113",
        "name": "alduin"
    },
    {
        "bgColor": "#eeeeee",
        "mainColor": "#444444",
        "caretColor": "#444444",
        "subColor": "#b2b2b2",
        "subAltColor": "#dddddd",
        "textColor": "#444444",
        "errorColor": "#d70000",
        "errorExtraColor": "#d70000",
        "colorfulErrorColor": "#d70000",
        "colorfulErrorExtraColor": "#d70000",
        "name": "paper"
    },
    {
        "bgColor": "#727474",
        "mainColor": "#7fa482",
        "caretColor": "#196378",
        "subColor": "#cac4be",
        "subAltColor": "#666868",
        "textColor": "#131313",
        "errorColor": "#5e477c",
        "errorExtraColor": "#413157",
        "colorfulErrorColor": "#5e477c",
        "colorfulErrorExtraColor": "#413157",
        "name": "fundamentals"
    },
    {
        "bgColor": "#191826",
        "mainColor": "#4a6fb5",
        "caretColor": "#4f85e8",
        "subColor": "#50688c",
        "subAltColor": "#1e1f2f",
        "textColor": "#9393a7",
        "errorColor": "#be555f",
        "errorExtraColor": "#7e2a33",
        "colorfulErrorColor": "#be555f",
        "colorfulErrorExtraColor": "#7e2a33",
        "name": "drowning"
    },
    {
        "bgColor": "#161821",
        "caretColor": "#d2d4de",
        "mainColor": "#84a0c6",
        "subColor": "#595e76",
        "subAltColor": "#232531",
        "textColor": "#c6c8d1",
        "errorColor": "#e27878",
        "errorExtraColor": "#e2a478",
        "colorfulErrorColor": "#e27878",
        "colorfulErrorExtraColor": "#e2a478",
        "name": "iceberg_dark"
    },
    {
        "bgColor": "#e8e9ec",
        "caretColor": "#262a3f",
        "mainColor": "#2d539e",
        "subColor": "#adb1c4",
        "subAltColor": "#ccceda",
        "textColor": "#33374c",
        "errorColor": "#cc517a",
        "errorExtraColor": "#cc3768",
        "colorfulErrorColor": "#cc517a",
        "colorfulErrorExtraColor": "#cc3768",
        "name": "iceberg_light"
    },
    {
        "bgColor": "#2f343f",
        "caretColor": "#61afef",
        "mainColor": "#61afef",
        "subColor": "#eceff4",
        "subAltColor": "#262b34",
        "textColor": "#98c379",
        "errorColor": "#e06c75",
        "errorExtraColor": "#d62436",
        "colorfulErrorColor": "#d62436",
        "colorfulErrorExtraColor": "#ff0019",
        "name": "onedark"
    },
    {
        "bgColor": "#fec8cd",
        "mainColor": "#ffffff",
        "caretColor": "#ffffff",
        "subColor": "#a30000",
        "subAltColor": "#f2babd",
        "textColor": "#ffffff",
        "errorColor": "#2e7dde",
        "errorExtraColor": "#2e7dde",
        "colorfulErrorColor": "#2e7dde",
        "colorfulErrorExtraColor": "#2e7dde",
        "font": "RobotoMono",
        "name": "darling"
    },
    {
        "bgColor": "#2f3338",
        "mainColor": "#d6d2bc",
        "caretColor": "#d6d2bc",
        "subColor": "#8f8e84",
        "subAltColor": "#3a3c3d",
        "textColor": "#d6d2bc",
        "errorColor": "#ff4a59",
        "errorExtraColor": "#c43c53",
        "colorfulErrorColor": "#ff4a59",
        "colorfulErrorExtraColor": "#c43c53",
        "name": "repose_dark"
    },
    {
        "bgColor": "#efead0",
        "mainColor": "#5f605e",
        "caretColor": "#5f605e",
        "subColor": "#8f8e84",
        "subAltColor": "#dbd6c4",
        "textColor": "#333538",
        "errorColor": "#c43c53",
        "errorExtraColor": "#a52632",
        "colorfulErrorColor": "#c43c53",
        "colorfulErrorExtraColor": "#a52632",
        "name": "repose_light"
    },
    {
        "bgColor": "#1c1e26",
        "mainColor": "#c4a88a",
        "caretColor": "#bbbbbb",
        "subColor": "#db886f",
        "subAltColor": "#17181f",
        "textColor": "#bbbbbb",
        "errorColor": "#d55170",
        "errorExtraColor": "#ff3d3d",
        "colorfulErrorColor": "#d55170",
        "colorfulErrorExtraColor": "#d55170",
        "name": "horizon"
    },
    {
        "bgColor": "#1a2b3e",
        "caretColor": "#af8f5c",
        "mainColor": "#af8f5c",
        "subColor": "#3a506c",
        "subAltColor": "#152231",
        "textColor": "#c9c8bf",
        "errorColor": "#bf616a",
        "errorExtraColor": "#793e44",
        "colorfulErrorColor": "#bf616a",
        "colorfulErrorExtraColor": "#793e44",
        "name": "rudy"
    },
    {
        "bgColor": "#010203",
        "mainColor": "#383e42",
        "caretColor": "#e25303",
        "subColor": "#5e676e",
        "subAltColor": "#121212",
        "textColor": "#383e42",
        "errorColor": "#e25303",
        "errorExtraColor": "#73280c",
        "colorfulErrorColor": "#e25303",
        "colorfulErrorExtraColor": "#73280c",
        "name": "stealth"
    },
    {
        "bgColor": "#1b1d36",
        "mainColor": "#fca6d1",
        "caretColor": "#99d6ea",
        "subColor": "#99d6ea",
        "subAltColor": "#17182c",
        "textColor": "#e1e7ec",
        "errorColor": "#fffb85",
        "errorExtraColor": "#fffb85",
        "colorfulErrorColor": "#fffb85",
        "colorfulErrorExtraColor": "#fffb85",
        "name": "80s_after_dark"
    },
    {
        "bgColor": "#0c0d11",
        "mainColor": "#7ebab5",
        "caretColor": "#7ebab5",
        "subColor": "#454864",
        "subAltColor": "#171a25",
        "textColor": "#f6f5f5",
        "errorColor": "#ff4754",
        "errorExtraColor": "#b02a33",
        "colorfulErrorColor": "#ff4754",
        "colorfulErrorExtraColor": "#b02a33",
        "name": "arch"
    },
    {
        "bgColor": "#1f1d27",
        "mainColor": "#9ccfd8",
        "caretColor": "#f6c177",
        "subColor": "#c4a7e7",
        "subAltColor": "#282533",
        "textColor": "#e0def4",
        "errorColor": "#eb6f92",
        "errorExtraColor": "#ebbcba",
        "colorfulErrorColor": "#eb6f92",
        "colorfulErrorExtraColor": "#ebbcba",
        "name": "rose_pine"
    },
    {
        "bgColor": "#2a273f",
        "mainColor": "#9ccfd8",
        "caretColor": "#f6c177",
        "subColor": "#c4a7e7",
        "subAltColor": "#211f32",
        "textColor": "#e0def4",
        "errorColor": "#eb6f92",
        "errorExtraColor": "#ebbcba",
        "colorfulErrorColor": "#eb6f92",
        "colorfulErrorExtraColor": "#ebbcba",
        "name": "rose_pine_moon"
    },
    {
        "bgColor": "#fffaf3",
        "mainColor": "#56949f",
        "caretColor": "#ea9d34",
        "subColor": "#c4a7e7",
        "subAltColor": "#f0e9df",
        "textColor": "#286983",
        "errorColor": "#b4637a",
        "errorExtraColor": "#d7827e",
        "colorfulErrorColor": "#b4637a",
        "colorfulErrorExtraColor": "#d7827e",
        "name": "rose_pine_dawn"
    },
    {
        "bgColor": "#442f29",
        "mainColor": "#b46a55",
        "caretColor": "#c25c42",
        "subColor": "#7ebab5",
        "subAltColor": "#50362e",
        "textColor": "#e7e0de",
        "errorColor": "#a32424",
        "errorExtraColor": "#ec0909",
        "colorfulErrorColor": "#a32424",
        "colorfulErrorExtraColor": "#ec0909",
        "name": "copper"
    },
    {
        "bgColor": "#36475c",
        "mainColor": "#c0d036",
        "caretColor": "#c0d036",
        "subColor": "#5c6c80",
        "subAltColor": "#42536b",
        "textColor": "#c1c7d7",
        "errorColor": "#fc5727",
        "errorExtraColor": "#fc5727",
        "colorfulErrorColor": "#fc5727",
        "colorfulErrorExtraColor": "#fc5727",
        "name": "grand_prix"
    },
    {
        "bgColor": "#e0d7c1",
        "mainColor": "#dd7a5f",
        "caretColor": "#dd7a5f",
        "subColor": "#e7b28e",
        "subAltColor": "#e2caaf",
        "textColor": "#5f4c41",
        "errorColor": "#ff6961",
        "errorExtraColor": "#c23b22",
        "colorfulErrorColor": "#ff6961",
        "colorfulErrorExtraColor": "#c23b22",
        "name": "peaches"
    },
    {
        "bgColor": "#173f35",
        "mainColor": "#eaa09c",
        "caretColor": "#eaa09c",
        "subColor": "#408e7b",
        "subAltColor": "#1f4e43",
        "textColor": "#e9e0d2",
        "errorColor": "#d44729",
        "errorExtraColor": "#8f2f19",
        "colorfulErrorColor": "#d44729",
        "colorfulErrorExtraColor": "#8f2f19",
        "name": "bouquet"
    },
    {
        "bgColor": "#0b0e13",
        "mainColor": "#60759f",
        "caretColor": "#60759f",
        "subColor": "#394760",
        "subAltColor": "#141a24",
        "textColor": "#9fadc6",
        "errorColor": "#c27070",
        "errorExtraColor": "#c28b70",
        "colorfulErrorColor": "#c27070",
        "colorfulErrorExtraColor": "#c28b70",
        "name": "midnight"
    },
    {
        "bgColor": "#dae0f5",
        "mainColor": "#506477",
        "caretColor": "#df4576",
        "subColor": "#92a4be",
        "subAltColor": "#c1c7df",
        "textColor": "#678198",
        "errorColor": "#df4576",
        "errorExtraColor": "#d996ac",
        "colorfulErrorColor": "#df4576",
        "colorfulErrorExtraColor": "#d996ac",
        "name": "blueberry_light"
    },
    {
        "bgColor": "#212b42",
        "mainColor": "#add7ff",
        "caretColor": "#962f7e",
        "subColor": "#5c7da5",
        "subAltColor": "#1b2334",
        "textColor": "#91b4d5",
        "errorColor": "#df4576",
        "errorExtraColor": "#d996ac",
        "colorfulErrorColor": "#df4576",
        "colorfulErrorExtraColor": "#d996ac",
        "name": "blueberry_dark"
    },
    {
        "bgColor": "#3b363f",
        "mainColor": "#fc6e83",
        "caretColor": "#474747",
        "subColor": "#8e5568",
        "subAltColor": "#332e38",
        "textColor": "#e6d5d3",
        "errorColor": "#f52443",
        "errorExtraColor": "#bd001c",
        "colorfulErrorColor": "#ff0a2f",
        "colorfulErrorExtraColor": "#000000",
        "name": "fledgling"
    },
    {
        "bgColor": "#0068c6",
        "mainColor": "#fa62d5",
        "caretColor": "#4ddb47",
        "subColor": "#138bf7",
        "subAltColor": "#005bac",
        "textColor": "#ffffff",
        "errorColor": "#4ddb47",
        "errorExtraColor": "#42ba3b",
        "colorfulErrorColor": "#4ddb47",
        "colorfulErrorExtraColor": "#42ba3b",
        "name": "ez_mode"
    },
    {
        "bgColor": "#1e1e1e",
        "mainColor": "#007acc",
        "caretColor": "#569cd6",
        "subColor": "#4d4d4d",
        "subAltColor": "#191919",
        "textColor": "#d4d4d4",
        "errorColor": "#f44747",
        "errorExtraColor": "#f44747",
        "colorfulErrorColor": "#f44747",
        "colorfulErrorExtraColor": "#f44747",
        "name": "vscode"
    },
    {
        "bgColor": "#263238",
        "mainColor": "#80cbc4",
        "caretColor": "#80cbc4",
        "subColor": "#4c6772",
        "subAltColor": "#2e3c43",
        "textColor": "#e6edf3",
        "errorColor": "#fb4934",
        "errorExtraColor": "#cc241d",
        "colorfulErrorColor": "#fb4934",
        "colorfulErrorExtraColor": "#cc241d",
        "name": "material"
    },
    {
        "bgColor": "#eae4cf",
        "mainColor": "#9abbcd",
        "caretColor": "#f4d476",
        "subColor": "#ada998",
        "subAltColor": "#ded9c9",
        "textColor": "#646669",
        "errorColor": "#ca4754",
        "errorExtraColor": "#7e2a33",
        "colorfulErrorColor": "#ca4754",
        "colorfulErrorExtraColor": "#7e2a33",
        "name": "godspeed"
    },
    {
        "bgColor": "#f3dbda",
        "mainColor": "#56786a",
        "caretColor": "#afc5bd",
        "subColor": "#ddb4a7",
        "subAltColor": "#e7c8be",
        "textColor": "#56786a",
        "errorColor": "#b29a91",
        "errorExtraColor": "#b29a91",
        "colorfulErrorColor": "#b29a91",
        "colorfulErrorExtraColor": "#b29a91",
        "name": "witch_girl"
    },
    {
        "bgColor": "#0b1e1a",
        "caretColor": "#66ac92",
        "mainColor": "#66ac92",
        "subColor": "#015c53",
        "subAltColor": "#041715",
        "textColor": "#dceae5",
        "errorColor": "#bf616a",
        "errorExtraColor": "#793e44",
        "colorfulErrorColor": "#bf616a",
        "colorfulErrorExtraColor": "#793e44",
        "name": "terror_below"
    },
    {
        "bgColor": "#241963",
        "mainColor": "#f2ce83",
        "caretColor": "#fbdb8c",
        "subColor": "#446ad5",
        "subAltColor": "#2a277a",
        "textColor": "#ffffff",
        "errorColor": "#c6915e",
        "errorExtraColor": "#c6915e",
        "colorfulErrorColor": "#c6915e",
        "colorfulErrorExtraColor": "#c6915e",
        "name": "sewing_tin"
    },
    {
        "bgColor": "#fff9f2",
        "mainColor": "#55c6f0",
        "caretColor": "#1e107a",
        "subColor": "#1e107a",
        "subAltColor": "#e5ddd4",
        "textColor": "#1d1e1e",
        "errorColor": "#fb5745",
        "errorExtraColor": "#b03c30",
        "colorfulErrorColor": "#fb5745",
        "colorfulErrorExtraColor": "#b03c30",
        "name": "soaring_skies"
    },
    {
        "bgColor": "#ffffff",
        "mainColor": "#2d2076",
        "caretColor": "#fbdb8c",
        "subColor": "#385eca",
        "subAltColor": "#c8cedf",
        "textColor": "#2d2076",
        "errorColor": "#f2ce83",
        "errorExtraColor": "#f2ce83",
        "colorfulErrorColor": "#f2ce83",
        "colorfulErrorExtraColor": "#f2ce83",
        "name": "sewing_tin_light"
    },
    {
        "bgColor": "#141221",
        "mainColor": "#fd77d7",
        "caretColor": "#dde5ed",
        "textColor": "#dde5ed",
        "errorColor": "#ff5869",
        "subColor": "#676e8a",
        "subAltColor": "#1e1d2f",
        "errorExtraColor": "#b03c47",
        "colorfulErrorColor": "#ff5869",
        "colorfulErrorExtraColor": "#b03c47",
        "name": "chaos_theory"
    },
    {
        "bgColor": "#d8d2c3",
        "mainColor": "#513a2a",
        "caretColor": "#513a2a",
        "subColor": "#8b6f5c",
        "subAltColor": "#cdc0af",
        "textColor": "#393b3b",
        "errorColor": "#ca4754",
        "errorExtraColor": "#7e2a33",
        "colorfulErrorColor": "#ca4754",
        "colorfulErrorExtraColor": "#7e2a33",
        "name": "hanok"
    },
    {
        "bgColor": "#4a5b6e",
        "mainColor": "#f8cdc6",
        "caretColor": "#9ec1cc",
        "subColor": "#9ec1cc",
        "subAltColor": "#425366",
        "textColor": "#f5efee",
        "errorColor": "#c9465e",
        "errorExtraColor": "#c9465e",
        "colorfulErrorColor": "#c9465e",
        "colorfulErrorExtraColor": "#c9465e",
        "name": "comfy"
    },
    {
        "bgColor": "#cfc6b9",
        "mainColor": "#c0976f",
        "caretColor": "#7d5448",
        "subColor": "#c0976f",
        "subAltColor": "#d0bca7",
        "textColor": "#7d5448",
        "errorColor": "#e9632d",
        "errorExtraColor": "#e9632d",
        "colorfulErrorColor": "#e9632d",
        "colorfulErrorExtraColor": "#e9632d",
        "name": "tiramisu"
    },
    {
        "bgColor": "#537997",
        "mainColor": "#c3af5b",
        "caretColor": "#ad5145",
        "subColor": "#445c7f",
        "subAltColor": "#4d6f8b",
        "textColor": "#dfdbc8",
        "errorColor": "#ad5145",
        "errorExtraColor": "#7e2a33",
        "colorfulErrorColor": "#ad5145",
        "colorfulErrorExtraColor": "#7e2a33",
        "name": "diner"
    },
    {
        "bgColor": "#ffffff",
        "mainColor": "#ff360d",
        "caretColor": "#ff0000",
        "subColor": "#b7b7b7",
        "subAltColor": "#ececec",
        "textColor": "#000000",
        "errorColor": "#d70000",
        "errorExtraColor": "#b00000",
        "colorfulErrorColor": "#000000",
        "colorfulErrorExtraColor": "#000000",
        "name": "modern_ink"
    },
    {
        "bgColor": "#1b2028",
        "mainColor": "#23a9d5",
        "caretColor": "#4b5975",
        "subColor": "#4b5975",
        "subAltColor": "#151a21",
        "textColor": "#ccccb5",
        "errorColor": "#b81b2c",
        "errorExtraColor": "#84131f",
        "colorfulErrorColor": "#b81b2c",
        "colorfulErrorExtraColor": "#84131f",
        "name": "dev"
    },
    {
        "bgColor": "#191f28",
        "mainColor": "#c69f68",
        "caretColor": "#8f744b",
        "subColor": "#4b5975",
        "subAltColor": "#141a22",
        "textColor": "#ccccb5",
        "errorColor": "#b81b2c",
        "errorExtraColor": "#84131f",
        "colorfulErrorColor": "#b81b2c",
        "colorfulErrorExtraColor": "#84131f",
        "name": "moonlight"
    },
    {
        "bgColor": "#f6d992",
        "mainColor": "#f6a192",
        "caretColor": "#fcfcf8",
        "subColor": "#f6b092",
        "subAltColor": "#f6cc93",
        "textColor": "#fcfcf8",
        "errorColor": "#ff6f69",
        "errorExtraColor": "#ff6f69",
        "colorfulErrorColor": "#ff6f69",
        "colorfulErrorExtraColor": "#ff6f69",
        "name": "pink_lemonade"
    },
    {
        "bgColor": "#ff9869",
        "mainColor": "#fcfcf8",
        "caretColor": "#fcfcf8",
        "subColor": "#ff661f",
        "subAltColor": "#fe8954",
        "textColor": "#fcfcf8",
        "errorColor": "#6a0dad",
        "errorExtraColor": "#6a0dad",
        "colorfulErrorColor": "#6a0dad",
        "colorfulErrorExtraColor": "#6a0dad",
        "name": "creamsicle"
    },
    {
        "bgColor": "#ffeead",
        "mainColor": "#96ceb4",
        "caretColor": "#ffcc5c",
        "subColor": "#ffcc5c",
        "subAltColor": "#f7dc8f",
        "textColor": "#5b7869",
        "errorColor": "#ff6f69",
        "errorExtraColor": "#ff6f69",
        "colorfulErrorColor": "#ff6f69",
        "colorfulErrorExtraColor": "#ff6f69",
        "name": "beach"
    },
    {
        "bgColor": "#fff2d5",
        "mainColor": "#d19d01",
        "caretColor": "#3a87fe",
        "subColor": "#0061fe",
        "subAltColor": "#eddebc",
        "textColor": "#332800",
        "errorColor": "#76bb40",
        "errorExtraColor": "#4e7a27",
        "colorfulErrorColor": "#76bb40",
        "colorfulErrorExtraColor": "#4e7a27",
        "name": "desert_oasis"
    },
    {
        "bgColor": "#9bf2ea",
        "mainColor": "#6d44a6",
        "caretColor": "#ffffff",
        "subColor": "#b690fd",
        "subAltColor": "#7fe7dd",
        "textColor": "#ffffff",
        "errorColor": "#e42629",
        "errorExtraColor": "#e42629",
        "colorfulErrorColor": "#e42629",
        "colorfulErrorExtraColor": "#e42629",
        "name": "frozen_llama"
    },
    {
        "bgColor": "#081426",
        "mainColor": "#f17754",
        "caretColor": "#ef6d49",
        "subColor": "#ffbc90",
        "subAltColor": "#040e1d",
        "textColor": "#ffe4bc",
        "errorColor": "#ca4754",
        "errorExtraColor": "#7e2a33",
        "colorfulErrorColor": "#ca4754",
        "colorfulErrorExtraColor": "#7e2a33",
        "name": "ryujinscales"
    },
    {
        "bgColor": "#464d66",
        "mainColor": "#e0513e",
        "caretColor": "#475782",
        "subColor": "#5c7eb9",
        "subAltColor": "#3d4359",
        "textColor": "#cfcfcf",
        "errorColor": "#e44e4e",
        "errorExtraColor": "#fd3f3f",
        "colorfulErrorColor": "#ff2e2e",
        "colorfulErrorExtraColor": "#bb2525",
        "name": "trackday"
    },
    {
        "bgColor": "#d6d3d6",
        "mainColor": "#5c1e5f",
        "caretColor": "#b92221",
        "subColor": "#b49cb5",
        "subAltColor": "#cabfca",
        "textColor": "#282528",
        "errorColor": "#bd2621",
        "errorExtraColor": "#a62626",
        "colorfulErrorColor": "#bd2621",
        "colorfulErrorExtraColor": "#a62626",
        "name": "fruit_chew"
    },
    {
        "bgColor": "#0084c2",
        "mainColor": "#f7f2ea",
        "caretColor": "#f7f2ea",
        "subColor": "#01589f",
        "subAltColor": "#0c79be",
        "textColor": "#171718",
        "errorColor": "#ca4754",
        "errorExtraColor": "#7e2a33",
        "colorfulErrorColor": "#ca4754",
        "colorfulErrorExtraColor": "#7e2a33",
        "name": "evil_eye"
    },
    {
        "bgColor": "#00021b",
        "mainColor": "#e51376",
        "caretColor": "#e51376",
        "subColor": "#3c4c79",
        "subAltColor": "#18214c",
        "textColor": "#fff",
        "errorColor": "#02d3b0",
        "errorExtraColor": "#3f887c",
        "colorfulErrorColor": "#02d3b0",
        "colorfulErrorExtraColor": "#3f887c",
        "name": "trance"
    },
    {
        "bgColor": "#0f0000",
        "mainColor": "#b31313",
        "caretColor": "#b31313",
        "subColor": "#683434",
        "subAltColor": "#200a0a",
        "textColor": "#ffffff",
        "errorColor": "#2f3cb6",
        "errorExtraColor": "#434a8f",
        "colorfulErrorColor": "#2f3cb6",
        "colorfulErrorExtraColor": "#434a8f",
        "name": "fire"
    },
    {
        "bgColor": "#011926",
        "mainColor": "#00e980",
        "caretColor": "#00e980",
        "subColor": "#245c69",
        "subAltColor": "#000c13",
        "textColor": "#fff",
        "errorColor": "#b94da1",
        "errorExtraColor": "#9b3a76",
        "colorfulErrorColor": "#b94da1",
        "colorfulErrorExtraColor": "#9b3a76",
        "name": "aurora"
    },
    {
        "bgColor": "#a86948",
        "mainColor": "#ffe4bc",
        "caretColor": "#ef6d49",
        "subColor": "#81482b",
        "subAltColor": "#9a5f3f",
        "textColor": "#ffe4bc",
        "errorColor": "#ca4754",
        "errorExtraColor": "#7e2a33",
        "colorfulErrorColor": "#ca4754",
        "colorfulErrorExtraColor": "#7e2a33",
        "name": "leather"
    },
    {
        "bgColor": "#c6b294",
        "mainColor": "#405a52",
        "caretColor": "#8a785b",
        "subColor": "#64374d",
        "subAltColor": "#b4a389",
        "textColor": "#091914",
        "errorColor": "#990000",
        "errorExtraColor": "#8a1414",
        "colorfulErrorColor": "#a63a3a",
        "colorfulErrorExtraColor": "#bd4c4c",
        "name": "fleuriste"
    },
    {
        "bgColor": "#dadbdc",
        "mainColor": "#ae185e",
        "caretColor": "#384693",
        "subColor": "#3846b1",
        "subAltColor": "#bec1d2",
        "textColor": "#414141",
        "errorColor": "#ae185e",
        "errorExtraColor": "#93335c",
        "colorfulErrorColor": "#80a053",
        "colorfulErrorExtraColor": "#306230",
        "name": "dmg"
    },
    {
        "bgColor": "#1e1e2e",
        "caretColor": "#f2cdcd",
        "mainColor": "#cba6f7",
        "subColor": "#7f849c",
        "subAltColor": "#181825",
        "textColor": "#cdd6f4",
        "errorColor": "#f38ba8",
        "errorExtraColor": "#eba0ac",
        "colorfulErrorColor": "#f38ba8",
        "colorfulErrorExtraColor": "#eba0ac",
        "name": "catppuccin"
    },
    {
        "bgColor": "#bfbec2",
        "mainColor": "#553d94",
        "caretColor": "#523793",
        "subColor": "#9f8ad4",
        "subAltColor": "#b5b0c2",
        "textColor": "#2e2e2e",
        "errorColor": "#ca4754",
        "errorExtraColor": "#7e2a33",
        "colorfulErrorColor": "#ca4754",
        "colorfulErrorExtraColor": "#7e2a33",
        "name": "snes"
    },
    {
        "bgColor": "#7c2142",
        "mainColor": "#f4a3b4",
        "caretColor": "#ffffff",
        "subColor": "#9994b8",
        "subAltColor": "#833c5e",
        "textColor": "#ffffff",
        "errorColor": "#deb80b",
        "errorExtraColor": "#deb80b",
        "colorfulErrorColor": "#deb80b",
        "colorfulErrorExtraColor": "#deb80b",
        "name": "passion_fruit"
    },
    {
        "bgColor": "#003950",
        "mainColor": "#ffcefb",
        "caretColor": "#00bcd4",
        "subColor": "#00e4ff",
        "subAltColor": "#014961",
        "textColor": "#82eaff",
        "errorColor": "#ffbde6",
        "errorExtraColor": "#ff8188",
        "colorfulErrorColor": "#d1a5fd",
        "colorfulErrorExtraColor": "#ff8188",
        "name": "blue_dolphin"
    },
    {
        "bgColor": "#f8ad34",
        "mainColor": "#b12189",
        "caretColor": "#eee",
        "subColor": "#333",
        "subAltColor": "#f9b951",
        "textColor": "#eee",
        "errorColor": "#da3333",
        "errorExtraColor": "#791717",
        "colorfulErrorColor": "#da3333",
        "colorfulErrorExtraColor": "#791717",
        "name": "mexican"
    },
    {
        "bgColor": "#000000",
        "mainColor": "#c58aff",
        "caretColor": "#c58aff",
        "subColor": "#972fff",
        "subAltColor": "#1e001e",
        "textColor": "#ebd7ff",
        "errorColor": "#da3333",
        "errorExtraColor": "#791717",
        "colorfulErrorColor": "#da3333",
        "colorfulErrorExtraColor": "#791717",
        "name": "husqy"
    },
    {
        "bgColor": "#292929",
        "mainColor": "#99b898",
        "caretColor": "#616161",
        "subColor": "#616161",
        "subAltColor": "#2a363b",
        "textColor": "#fecea8",
        "errorColor": "#ff6961",
        "errorExtraColor": "#e84a5f",
        "colorfulErrorColor": "#ff6961",
        "colorfulErrorExtraColor": "#e84a5f",
        "name": "peach_blossom"
    },
    {
        "bgColor": "#ffffff",
        "mainColor": "#40d672",
        "caretColor": "#40d672",
        "subColor": "#d5d5d5",
        "subAltColor": "#cafad8",
        "textColor": "#1d221f",
        "errorColor": "#ff5f5f",
        "errorExtraColor": "#d22a2a",
        "colorfulErrorColor": "#ff5f5f",
        "colorfulErrorExtraColor": "#d22a2a",
        "name": "dino"
    },
    {
        "bgColor": "#0d1c1c",
        "mainColor": "#f0e800",
        "caretColor": "#f0e800",
        "subColor": "#ff6600",
        "subAltColor": "#9c9191",
        "textColor": "#ffffff",
        "errorColor": "#ff0000",
        "errorExtraColor": "#ff0000",
        "colorfulErrorColor": "#ff0000",
        "colorfulErrorExtraColor": "#ff0000",
        "name": "tron_orange"
    },
    {
        "bgColor": "#415e31",
        "mainColor": "#6a994e",
        "caretColor": "#f2efbb",
        "subColor": "#ede5b4",
        "subAltColor": "#38502a",
        "textColor": "#f7f1d6",
        "errorColor": "#ca3d3f",
        "errorExtraColor": "#782832",
        "colorfulErrorColor": "#e76f51",
        "colorfulErrorExtraColor": "#f4a261",
        "name": "hedge"
    },
    {
        "bgColor": "#dbdbdb",
        "caretColor": "#8fd1c3",
        "mainColor": "#8fd1c3",
        "subColor": "#a3a2a2",
        "subAltColor": "#e8e8e8",
        "textColor": "#454545",
        "errorColor": "#ea8a9a",
        "errorExtraColor": "#e0556d",
        "colorfulErrorColor": "#ea8a9a",
        "colorfulErrorExtraColor": "#e0556d",
        "name": "modern_dolch_light"
    },
    {
        "bgColor": "#0c0c0c",
        "mainColor": "#b7976a",
        "caretColor": "#bebebe",
        "subColor": "#404040",
        "subAltColor": "#121212",
        "textColor": "#d3c2c3",
        "errorColor": "#9d7b7d",
        "errorExtraColor": "#a78587",
        "colorfulErrorColor": "#b7976a",
        "colorfulErrorExtraColor": "#c1a174",
        "name": "iv_spade"
    },
    {
        "bgColor": "#a0a0a0",
        "mainColor": "#573e40",
        "caretColor": "#8d8d8d",
        "subColor": "#353535",
        "subAltColor": "#bebebe",
        "textColor": "#3b2d3b",
        "errorColor": "#937173",
        "errorExtraColor": "#987678",
        "colorfulErrorColor": "#ad8d60",
        "colorfulErrorExtraColor": "#b7976a",
        "name": "iv_clover"
    },
    {
        "bgColor": "#fdf0d5",
        "mainColor": "#8e2949",
        "caretColor": "#892948",
        "subColor": "#d91c81",
        "subAltColor": "#f3e2bf",
        "textColor": "#3a3335",
        "errorColor": "#5cf074",
        "errorExtraColor": "#5cf074",
        "colorfulErrorColor": "#5cf074",
        "colorfulErrorExtraColor": "#5cf074",
        "name": "cheesecake"
    },
    {
        "bgColor": "#292521",
        "mainColor": "#509452",
        "caretColor": "#1298ba",
        "subColor": "#f5ae2d",
        "subAltColor": "#1d1b18",
        "textColor": "#e6c7a8",
        "errorColor": "#7e2a33",
        "errorExtraColor": "#ff645a",
        "colorfulErrorColor": "#7e2a33",
        "colorfulErrorExtraColor": "#ff645a",
        "name": "earthsong"
    },
    {
        "bgColor": "#1e1e32",
        "mainColor": "#7a52cc",
        "caretColor": "#7a52cc",
        "subColor": "#5c5c99",
        "subAltColor": "#181829",
        "textColor": "#a3a3cc",
        "errorColor": "#ff6666",
        "errorExtraColor": "#ff6666",
        "colorfulErrorColor": "#ff6666",
        "colorfulErrorExtraColor": "#ff6666",
        "name": "purpleish"
    },
    {
        "bgColor": "#eceff4",
        "caretColor": "#8fbcbb",
        "mainColor": "#8fbcbb",
        "subColor": "#6a7791",
        "subAltColor": "#d8dee9",
        "textColor": "#8fbcbb",
        "errorColor": "#bf616a",
        "errorExtraColor": "#793e44",
        "colorfulErrorColor": "#bf616a",
        "colorfulErrorExtraColor": "#793e44",
        "name": "nord_light"
    },
    {
        "bgColor": "#fffdde",
        "mainColor": "#03001c",
        "caretColor": "#367e18",
        "subColor": "#1c82adc4",
        "subAltColor": "#c6dce4",
        "textColor": "#13005a",
        "errorColor": "#f900bf",
        "errorExtraColor": "#ce1212",
        "colorfulErrorColor": "#ce1212",
        "colorfulErrorExtraColor": "#3ec70b",
        "name": "slambook"
    },
    {
        "bgColor": "#e8d5c4",
        "mainColor": "#7d67a9",
        "caretColor": "#7d67a9",
        "subColor": "#3a98b9",
        "subAltColor": "#f6e6da",
        "textColor": "#1b4c5e",
        "errorColor": "#7d67a9",
        "errorExtraColor": "#9f3e6d",
        "colorfulErrorColor": "#f9f871",
        "colorfulErrorExtraColor": "#67dfa1",
        "name": "breeze"
    },
    {
        "bgColor": "#323437",
        "mainColor": "#d65ccc",
        "caretColor": "#ffffff",
        "subColor": "#787d82",
        "subAltColor": "#2d2f31",
        "textColor": "#d1d0c5",
        "errorColor": "#ca4754",
        "errorExtraColor": "#d32738",
        "colorfulErrorColor": "#ec182d",
        "colorfulErrorExtraColor": "#6e0c16",
        "name": "cherry_blossom"
    },
    {
        "bgColor": "#141b1e",
        "caretColor": "#6cbfbf",
        "mainColor": "#8ccf7e",
        "subColor": "#838887",
        "subAltColor": "#232a2d",
        "textColor": "#dadada",
        "errorColor": "#e57474",
        "errorExtraColor": "#ef7e7e",
        "colorfulErrorColor": "#e57474",
        "colorfulErrorExtraColor": "#ef7e7e",
        "name": "everblush"
    },
    {
        "bgColor": "#2c003e",
        "mainColor": "#ff8f00",
        "caretColor": "#ff8f00",
        "subColor": "#6e225e",
        "subAltColor": "#1f002d",
        "textColor": "#fff",
        "errorColor": "#ff4081",
        "errorExtraColor": "#bf2054",
        "colorfulErrorColor": "#ff4081",
        "colorfulErrorExtraColor": "#bf2054",
        "name": "grape"
    },
    {
        "bgColor": "#f5f5f5",
        "mainColor": "#363636",
        "caretColor": "#0d0d0d",
        "subColor": "#4f4f4f",
        "subAltColor": "#e0e0e0",
        "textColor": "#1f1f1f",
        "errorColor": "#ff0008",
        "colorfulErrorColor": "#ff0008",
        "name": "rainbow_trail"
    },
    {
        "bgColor": "#ffede0",
        "mainColor": "#fe5503",
        "caretColor": "#5d8500",
        "subColor": "#ff9562",
        "subAltColor": "#fdd3bf",
        "textColor": "#3d1705",
        "errorColor": "#7fb500",
        "errorExtraColor": "#5f8700",
        "colorfulErrorColor": "#7fb500",
        "colorfulErrorExtraColor": "#5f8700",
        "name": "tangerine"
    },
    {
        "bgColor": "#b2d2c8",
        "mainColor": "#c13117",
        "caretColor": "#766f71",
        "subColor": "#717977",
        "subAltColor": "#c6ddd3",
        "textColor": "#490909",
        "errorColor": "#c13117",
        "errorExtraColor": "#fff5f5",
        "colorfulErrorColor": "#fff5f5",
        "colorfulErrorExtraColor": "#ffe9c2",
        "name": "macroblank"
    },
    {
        "bgColor": "#00002e",
        "mainColor": "#ffadad",
        "caretColor": "#ffffff",
        "subColor": "#ff3d8b",
        "subAltColor": "#060548",
        "textColor": "#f1deef",
        "errorColor": "#8fecff",
        "errorExtraColor": "#558cab",
        "colorfulErrorColor": "#8fecff",
        "colorfulErrorExtraColor": "#558cab",
        "name": "anti_hero"
    },
    {
        "bgColor": "#0e0e0e",
        "mainColor": "#ff9900",
        "caretColor": "#ff9900",
        "subColor": "#555555",
        "subAltColor": "#151515",
        "textColor": "#c6c6c6",
        "errorColor": "#e44545",
        "errorExtraColor": "#e44545",
        "colorfulErrorColor": "#b13535",
        "colorfulErrorExtraColor": "#b13535",
        "name": "incognito"
    },
    {
        "bgColor": "#313338",
        "mainColor": "#5a65ea",
        "caretColor": "#5a65ea",
        "subColor": "#565861",
        "subAltColor": "#2b2d31",
        "textColor": "#dcdee3",
        "errorColor": "#df4f4b",
        "errorExtraColor": "#df4f4b",
        "colorfulErrorColor": "#df4f4b",
        "colorfulErrorExtraColor": "#df4f4b",
        "name": "discord"
    },
    {
        "bgColor": "#6e2626",
        "mainColor": "#e55050",
        "caretColor": "#541d1d",
        "subColor": "#ff6060",
        "subAltColor": "#3f1616",
        "textColor": "#ffaaaa",
        "errorColor": "#919fd9",
        "errorExtraColor": "#4d5d9e",
        "colorfulErrorColor": "#919fd9",
        "colorfulErrorExtraColor": "#4d5d9e",
        "name": "cy_red"
    },
    {
        "bgColor": "#00272c",
        "mainColor": "#ffdd6d",
        "caretColor": "#c3bd40",
        "subColor": "#779097",
        "subAltColor": "#173033",
        "textColor": "#e5e5e5",
        "errorColor": "#8a4000",
        "errorExtraColor": "#00708d",
        "colorfulErrorColor": "#8a4000",
        "colorfulErrorExtraColor": "#628b96",
        "name": "floret"
    },
    {
        "bgColor": "#fffbfe",
        "mainColor": "#b94189",
        "caretColor": "#e099d6d9",
        "subColor": "#e094c2",
        "subAltColor": "#ecdceed9",
        "textColor": "#5c2954",
        "errorColor": "#ff6f69",
        "errorExtraColor": "#ff6f69",
        "colorfulErrorColor": "#bc7fc0",
        "colorfulErrorExtraColor": "#bc41b1",
        "name": "lilac_mist"
    },
    {
        "bgColor": "#f1e5da",
        "mainColor": "#e0794e",
        "caretColor": "#e0794e",
        "subColor": "#688e8f",
        "subAltColor": "#e3d3c6",
        "textColor": "#023e3b",
        "errorColor": "#a01034",
        "errorExtraColor": "#a01034",
        "colorfulErrorColor": "#a01034",
        "colorfulErrorExtraColor": "#a01034",
        "name": "terrazzo"
    },
    {
        "bgColor": "#3b4a62",
        "mainColor": "#bef0ff",
        "caretColor": "#bef0ff",
        "subColor": "#fe9841",
        "subAltColor": "#313e55",
        "textColor": "#dbdeeb",
        "errorColor": "#ed2939",
        "errorExtraColor": "#ce122c",
        "colorfulErrorColor": "#ed2939",
        "colorfulErrorExtraColor": "#ce122c",
        "name": "suisei"
    }
]
